sample_index,phone_idx,phone,ref_dur,gen_dur,ratio
0,0,ka,0.256,0.8,3.125
0,1,sˌəʃʲʲ,0.288,0.352,1.2222222222222223
0,2,fˈakə,0.288,0.32,1.1111111111111112
0,3,un,0.288,0.256,0.888888888888889
0,4,pˈik,0.288,0.256,0.888888888888889
0,5,de,0.288,0.032,0.11111111111111112
0,6,"kuɾˈaʒ,",0.256,0.192,0.75
0,7,ˈɨʃʲʲ,0.288,0.32,1.1111111111111112
0,8,adˈuse,0.288,0.288,1.0
0,9,amˈinte,0.288,0.32,1.1111111111111112
0,10,kə,0.288,0.256,0.888888888888889
0,11,je,0.288,0.128,0.4444444444444445
0,12,"aktˈor,",0.256,0.096,0.375
0,13,kə,0.288,0.256,0.888888888888889
0,14,je,0.288,0.192,0.6666666666666667
0,15,pˌosesˈorul,0.288,0.288,1.0
0,16,ˌunuɪ,0.288,0.288,1.0
0,17,fˈizik,0.288,0.288,1.0
0,18,pləkˈut.,0.288,0.352,1.2222222222222223
1,0,va,0.288,0.32,1.1111111111111112
1,1,tsˈine,0.288,0.288,1.0
1,2,pjˈept,0.288,0.288,1.0
1,3,ku,0.288,0.256,0.888888888888889
1,4,ˌɨnverʃunˈaɾe,0.32,0.288,0.8999999999999999
1,5,kˈɨt,0.288,0.256,0.888888888888889
1,6,va,0.288,0.288,1.0
1,7,putˌea,0.288,0.32,1.1111111111111112
1,8,de,0.288,0.16,0.5555555555555556
1,9,mˈult,0.32,0.032,0.1
1,10,spɾˈe,0.288,0.192,0.6666666666666667
1,11,a,0.288,0.256,0.888888888888889
1,12,ˌevitˈa,0.288,0.288,1.0
1,13,sˌəʃʲʲ,0.288,0.192,0.6666666666666667
1,14,rˈea,0.32,0.32,1.0
1,15,lˈokul,0.288,0.288,1.0
1,16,ɨn,0.288,0.32,1.1111111111111112
1,17,fˈerma,0.288,0.288,1.0
1,18,fˌamilˈiʲeɪ.,0.32,0.32,1.0
2,0,fˈərə,0.384,0.32,0.8333333333333334
2,1,un,0.416,0.512,1.2307692307692308
2,2,plˈan,0.384,0.32,0.8333333333333334
2,3,ɨn,0.416,0.448,1.076923076923077
2,4,"kˈap,",0.416,0.384,0.9230769230769231
2,5,fˈərə,0.384,0.384,1.0
2,6,o,0.416,0.416,1.0
2,7,stɾˌatedʒˈiʲe,0.384,0.16,0.4166666666666667
2,8,"pɾˌestabilˈitə,",0.416,0.16,0.38461538461538464
2,9,tɾˌebujˈa,0.416,0.416,1.0
2,10,sˌəmʲʲ,0.384,0.384,1.0
2,11,kˌoɾoboɾˈez,0.416,0.384,0.9230769230769231
2,12,ˌipotˈeza.,0.416,0.352,0.8461538461538461
3,0,nˈitʃʲ,0.288,0.224,0.7777777777777779
3,1,nu,0.288,0.288,1.0
3,2,tˌerminˈase,0.288,0.288,1.0
3,3,bˈine,0.288,0.288,1.0
3,4,kə,0.288,0.256,0.888888888888889
3,5,rˈudʲʲ,0.288,0.352,1.2222222222222223
3,6,jˈeʃʲʲ,0.288,0.256,0.888888888888889
3,7,valvˈɨrteʃ,0.288,0.224,0.7777777777777779
3,8,din,0.288,0.288,1.0
3,9,kˈameɾˌa,0.288,0.288,1.0
3,10,luɪ,0.288,0.096,0.33333333333333337
3,11,ˈunde,0.288,0.128,0.4444444444444445
3,12,flˈirta,0.288,0.288,1.0
3,13,ku,0.288,0.224,0.7777777777777779
3,14,nˈoʊl,0.288,0.256,0.888888888888889
3,15,luɪ,0.288,0.288,1.0
3,16,jubˈit.,0.288,0.32,1.1111111111111112
4,0,rəmˈɨn,0.288,0.224,0.7777777777777779
4,1,pe,0.288,0.288,1.0
4,2,fˈir,0.288,0.32,1.1111111111111112
4,3,ku,0.288,0.288,1.0
4,4,"dˈumneavˌɔastɾə,",0.288,0.288,1.0
4,5,ˈastfel,0.288,0.256,0.888888888888889
4,6,persˈɔana,0.288,0.32,1.1111111111111112
4,7,atʃˈeɪa,0.288,0.256,0.888888888888889
4,8,nu,0.288,0.352,1.2222222222222223
4,9,va,0.32,0.352,1.0999999999999999
4,10,putˌea,0.288,0.288,1.0
4,11,sə,0.288,0.288,1.0
4,12,fˈakə,0.288,0.32,1.1111111111111112
4,13,nˈitʃʲ,0.288,0.064,0.22222222222222224
4,14,o,0.288,0.16,0.5555555555555556
4,15,miʃkˈaɾe,0.288,0.224,0.7777777777777779
4,16,fˈərə,0.288,0.288,1.0
4,17,ʃtˈiɾea,0.288,0.288,1.0
4,18,dˈumneavˌɔastɾə.,0.32,0.288,0.8999999999999999
5,0,ˈɨʃʲʲ,0.288,0.384,1.3333333333333335
5,1,tˈerse,0.288,0.256,0.888888888888889
5,2,o,0.288,0.32,1.1111111111111112
5,3,lˈakɾimˌə,0.288,0.32,1.1111111111111112
5,4,ʃi,0.288,0.352,1.2222222222222223
5,5,deklˈaɾə,0.288,0.288,1.0
5,6,ku,0.288,0.288,1.0
5,7,mˈaɾe,0.288,0.288,1.0
5,8,tɾistˈetse,0.32,0.224,0.7
5,9,ka,0.288,0.224,0.7777777777777779
5,10,ʃi,0.288,0.064,0.22222222222222224
5,11,kˈum,0.288,0.128,0.4444444444444445
5,12,ˈɨʃʲʲ,0.288,0.192,0.6666666666666667
5,13,ar,0.288,0.288,1.0
5,14,fˈi,0.288,0.256,0.888888888888889
5,15,tɾədˈat,0.288,0.288,1.0
5,16,sˈotsul,0.288,0.256,0.888888888888889
5,17,defˈunkt.,0.32,0.256,0.8
6,0,ˌɨmʲʲ,0.352,0.96,2.7272727272727275
6,1,dədˈea,0.352,0.352,1.0
6,2,podˈɔabe,0.352,0.384,1.090909090909091
6,3,de,0.384,0.288,0.7499999999999999
6,4,dˈoj,0.352,0.032,0.09090909090909091
6,5,"bˈanʲʲ,",0.352,0.032,0.09090909090909091
6,6,kˈum,0.384,0.288,0.7499999999999999
6,7,fətʃˈeaw,0.352,0.32,0.9090909090909092
6,8,kˌonkistadˈoɾʲʲ,0.352,0.32,0.9090909090909092
6,9,spanjˈolʲʲ,0.352,0.32,0.9090909090909092
6,10,ku,0.384,0.384,1.0
6,11,indjˈeniɪ,0.352,0.352,1.0
6,12,din,0.352,0.384,1.090909090909091
6,13,amˈeɾikˌa.,0.384,0.544,1.4166666666666667
7,0,un,0.288,0.32,1.1111111111111112
7,1,klipˈit,0.32,0.352,1.0999999999999999
7,2,ˌapɾobatˈor,0.288,0.256,0.888888888888889
7,3,din,0.32,0.256,0.8
7,4,tʃˈene,0.288,0.288,1.0
7,5,ˌɨmʲʲ,0.32,0.192,0.6
7,6,ˈarətə,0.288,0.32,1.1111111111111112
7,7,kə,0.32,0.32,1.0
7,8,jeɾˌa,0.288,0.224,0.7777777777777779
7,9,mˌəɡulˈit,0.32,0.256,0.8
7,10,sə,0.288,0.288,1.0
7,11,kˌolaboɾˈeze,0.32,0.352,1.0999999999999999
7,12,ku,0.288,0.224,0.7777777777777779
7,13,un,0.32,0.224,0.7
7,14,zjˈar,0.288,0.288,1.0
7,15,de,0.32,0.288,0.8999999999999999
7,16,pɾˌestidʒˈiʲu.,0.32,0.352,1.0999999999999999
8,0,nu,0.288,0.544,1.888888888888889
8,1,vɾˈeaw,0.32,0.352,1.0999999999999999
8,2,sə,0.32,0.32,1.0
8,3,fˈiɪ,0.32,0.352,1.0999999999999999
8,4,repɾˌezentatˈiv,0.288,0.352,1.2222222222222223
8,5,pˌentɾu,0.32,0.288,0.8999999999999999
8,6,tˈineɾˌiɪ,0.32,0.256,0.8
8,7,de,0.32,0.256,0.8
8,8,"ˈastəzʲˌʲ,",0.288,0.256,0.888888888888889
8,9,tʃˈi,0.32,0.064,0.2
8,10,sə,0.32,0.288,0.8999999999999999
8,11,te,0.32,0.32,1.0
8,12,repɾezˈintsʲʲ,0.288,0.288,1.0
8,13,pe,0.32,0.288,0.8999999999999999
8,14,dˌumneatˌa,0.32,0.192,0.6
8,15,ˈɨnsutsʲˌʲ.,0.32,0.448,1.4
9,0,ɨn,0.288,0.32,1.1111111111111112
9,1,fjekˈaɾe,0.32,0.352,1.0999999999999999
9,2,nˈɔapte,0.288,0.192,0.6666666666666667
9,3,ˌɨmʲʲ,0.32,0.032,0.1
9,4,venˈea,0.32,0.224,0.7
9,5,sə,0.288,0.064,0.22222222222222224
9,6,ɨŋɡˈit,0.32,0.288,0.8999999999999999
9,7,nˌiʃte,0.32,0.288,0.8999999999999999
9,8,sˌomnifˈeɾe,0.288,0.224,0.7777777777777779
9,9,ka,0.32,0.288,0.8999999999999999
9,10,sə,0.288,0.288,1.0
9,11,tˈermin,0.32,0.32,1.0
9,12,o,0.32,0.256,0.8
9,13,dˈatə,0.288,0.352,1.2222222222222223
9,14,ku,0.32,0.32,1.0
9,15,tˈɔate.,0.32,0.352,1.0999999999999999
10,0,din,0.48,0.64,1.3333333333333335
10,1,pˈunkt,0.48,0.576,1.2
10,2,de,0.48,0.448,0.9333333333333333
10,3,vedˈeɾe,0.48,0.384,0.8
10,4,"moɾˈal,",0.48,0.512,1.0666666666666667
10,5,jeɾˌa,0.512,0.384,0.75
10,6,"ˌɨnkɾezətˈor,",0.48,0.192,0.4
10,7,naˈiv,0.48,0.16,0.33333333333333337
10,8,la,0.48,0.416,0.8666666666666667
10,9,lˈimitˌa,0.48,0.384,0.8
10,10,ˌiŋdʒenwitˈətsiɪ.,0.512,0.48,0.9375
11,0,kɨnd,0.352,0.448,1.272727272727273
11,1,tʃˌinevˈa,0.352,0.256,0.7272727272727273
11,2,ˌaɾe,0.352,0.32,0.9090909090909092
11,3,noɾˈokul,0.352,0.32,0.9090909090909092
11,4,sə,0.352,0.32,0.9090909090909092
11,5,ˈaɪbə,0.352,0.32,0.9090909090909092
11,6,dea,0.352,0.384,1.090909090909091
11,7,fˌatʃe,0.352,0.32,0.9090909090909092
11,8,ku,0.352,0.32,0.9090909090909092
11,9,asˈemenˌea,0.352,0.416,1.1818181818181819
11,10,"komˈoɾʲʲ,",0.352,0.032,0.09090909090909091
11,11,atˈuntʃʲ,0.352,0.032,0.09090909090909091
11,12,se,0.352,0.128,0.36363636363636365
11,13,okˈupə,0.352,0.384,1.090909090909091
11,14,de,0.352,0.288,0.8181818181818181
11,15,jˈele.,0.384,0.512,1.3333333333333333
12,0,kjˈar,0.32,0.896,2.8
12,1,dˌakə,0.32,0.32,1.0
12,2,stɾˌəbətˈuse,0.32,0.32,1.0
12,3,lˈumea,0.32,0.352,1.0999999999999999
12,4,ʃi,0.32,0.384,1.2
12,5,vəzˈuse,0.352,0.224,0.6363636363636365
12,6,mˈiɪ,0.32,0.224,0.7
12,7,de,0.32,0.416,1.2999999999999998
12,8,felˈurʲ,0.32,0.32,1.0
12,9,dea,0.32,0.32,1.0
12,10,te,0.32,0.032,0.1
12,11,"ˌɨmbɾəkˈa,",0.352,0.032,0.09090909090909091
12,12,vetʃˈinul,0.32,0.096,0.3
12,13,jeɪ,0.32,0.32,1.0
12,14,se,0.32,0.288,0.8999999999999999
12,15,pəɾˈea,0.32,0.32,1.0
12,16,ˌɨndɾəsɨnˈets.,0.352,0.48,1.3636363636363638
13,0,kəɾˈeɪerul,0.384,0.416,1.0833333333333333
13,1,mˌeu,0.416,0.32,0.7692307692307693
13,2,ˌɨntselesˈese,0.384,0.416,1.0833333333333333
13,3,"ˌimedjˈat,",0.416,0.32,0.7692307692307693
13,4,deʃʲˈiʲ,0.384,0.352,0.9166666666666666
13,5,o,0.416,0.096,0.23076923076923078
13,6,pˈarte,0.384,0.256,0.6666666666666666
13,7,din,0.416,0.352,0.8461538461538461
13,8,mˈine,0.384,0.352,0.9166666666666666
13,9,rˌezistˈa,0.416,0.416,1.0
13,10,ʃi,0.384,0.352,0.9166666666666666
13,11,rˌefuzˈa,0.416,0.352,0.8461538461538461
13,12,sə,0.384,0.384,1.0
13,13,pɾitʃˈeapə.,0.416,0.448,1.076923076923077
14,0,ˌinfinˈitul,0.352,0.32,0.9090909090909092
14,1,"apˈelor,",0.384,0.448,1.1666666666666667
14,2,al,0.384,0.416,1.0833333333333333
14,3,"tʃˈeruluɪ,",0.384,0.288,0.7499999999999999
14,4,al,0.384,0.384,1.0
14,5,"plˈaʒeɪ,",0.352,0.32,0.9090909090909092
14,6,ˌɨi,0.384,0.224,0.5833333333333334
14,7,se,0.384,0.256,0.6666666666666666
14,8,pəɾˈea,0.384,0.352,0.9166666666666666
14,9,un,0.384,0.16,0.4166666666666667
14,10,lˈuks,0.352,0.256,0.7272727272727273
14,11,maɪ,0.384,0.32,0.8333333333333334
14,12,pɾˈesus,0.384,0.32,0.8333333333333334
14,13,de,0.384,0.448,1.1666666666666667
14,14,pˌosibˌilitətsʲˈile,0.384,0.416,1.0833333333333333
14,15,jˈeɪ.,0.384,0.448,1.1666666666666667
15,0,ˈɨnsə,0.384,0.288,0.7499999999999999
15,1,jeɾˌa,0.416,0.48,1.153846153846154
15,2,tʃevˈa,0.384,0.384,1.0
15,3,mˈult,0.416,0.384,0.9230769230769231
15,4,maɪ,0.384,0.352,0.9166666666666666
15,5,ɡɾˈav.,0.416,0.416,1.0
15,6,sˌupɾavˈeɡea,0.384,0.384,1.0
15,7,akˈum,0.416,0.32,0.7692307692307693
15,8,dˈouˌə,0.384,0.256,0.6666666666666666
15,9,skˈivnitʃˌe,0.416,0.192,0.46153846153846156
15,10,ˌizolˈate,0.384,0.352,0.9166666666666666
15,11,ɨn,0.416,0.416,1.0
15,12,lˈəʊntrul,0.384,0.32,0.8333333333333334
15,13,jˈeɪ.,0.416,0.512,1.2307692307692308
16,0,de,0.48,0.416,0.8666666666666667
16,1,"ˈaltfel,",0.512,0.512,1.0
16,2,tˈotsʲʲ,0.512,0.352,0.6875
16,3,slˌuʒitˈoɾiɪ,0.512,0.512,1.0
16,4,meɪ,0.512,0.32,0.625
16,5,jeɾˌaʊ,0.48,0.224,0.4666666666666667
16,6,ˌadunˈatsʲʲ,0.512,0.48,0.9375
16,7,akˈolo,0.512,0.544,1.0625
16,8,pˌentɾu,0.512,0.352,0.6875
16,9,lukɾˈaɾe.,0.512,0.544,1.0625
17,0,jel,0.384,0.448,1.1666666666666667
17,1,nu,0.384,0.352,0.9166666666666666
17,2,a,0.384,0.32,0.8333333333333334
17,3,ˌɨŋɡədwˈit,0.384,0.416,1.0833333333333333
17,4,nˌitʃunˈuɪ,0.416,0.32,0.7692307692307693
17,5,ˈom,0.384,0.32,0.8333333333333334
17,6,səɪ,0.384,0.352,0.9166666666666666
17,7,ˌasupɾˈeaskə,0.384,0.32,0.8333333333333334
17,8,ʃʲa,0.416,0.32,0.7692307692307693
17,9,mustɾˈat,0.384,0.352,0.9166666666666666
17,10,rˈedʒʲ,0.384,0.288,0.7499999999999999
17,11,pˌentɾu,0.384,0.384,1.0
17,12,jˈeɪ.,0.416,0.416,1.0
18,0,sˈaʊl,0.352,0.288,0.8181818181818181
18,1,a,0.384,0.352,0.9166666666666666
18,2,ˌɨntʃetˈat,0.384,0.32,0.8333333333333334
18,3,səɪ,0.384,0.288,0.7499999999999999
18,4,maɪ,0.384,0.384,1.0
18,5,ˌurməɾˈeaskə,0.352,0.416,1.1818181818181819
18,6,pe,0.384,0.384,1.0
18,7,fˌilistˈenʲʲ,0.384,0.256,0.6666666666666666
18,8,ʃi,0.384,0.064,0.16666666666666666
18,9,fˌilistˈeniɪ,0.384,0.416,1.0833333333333333
18,10,saʊ,0.352,0.352,1.0
18,11,retɾˈas,0.384,0.352,0.9166666666666666
18,12,ɨn,0.384,0.288,0.7499999999999999
18,13,tˌeɾitoɾˈiʊl,0.384,0.288,0.7499999999999999
18,14,lˈor.,0.384,0.32,0.8333333333333334
19,0,a,0.352,0.256,0.7272727272727273
19,1,ˌaɾunkˈat,0.384,0.288,0.7499999999999999
19,2,pjˈatɾa,0.352,0.384,1.090909090909091
19,3,ku,0.384,0.384,1.0
19,4,ˌaʒutˈorul,0.384,0.352,0.9166666666666666
19,5,pɾaʃtˈiʲeɪ,0.352,0.288,0.8181818181818181
19,6,ʃi,0.384,0.352,0.9166666666666666
19,7,la,0.352,0.064,0.18181818181818182
19,8,lovˈit,0.384,0.384,1.0
19,9,pe,0.384,0.384,1.0
19,10,fˌilistjˈan,0.352,0.384,1.090909090909091
19,11,ɨn,0.384,0.32,0.8333333333333334
19,12,fɾˈunte.,0.384,0.384,1.0
20,0,jel,0.416,0.32,0.7692307692307693
20,1,a,0.416,0.384,0.9230769230769231
20,2,dˈat,0.416,0.384,0.9230769230769231
20,3,fˈok,0.416,0.384,0.9230769230769231
20,4,atˈɨt,0.416,0.448,1.076923076923077
20,5,"ˌɨnəltsˈimiɪ,",0.416,0.192,0.46153846153846156
20,6,tɾˌansformˈɨndo,0.416,0.416,1.0
20,7,ɨn,0.416,0.352,0.8461538461538461
20,8,"tʃenˈuʃə,",0.416,0.416,1.0
20,9,kˈɨt,0.416,0.288,0.6923076923076923
20,10,ʃi,0.416,0.32,0.7692307692307693
20,11,stˈɨlpul,0.416,0.352,0.8461538461538461
20,12,luɪ,0.416,0.416,1.0
20,13,ˈaʃeɾˌeɪ.,0.416,0.48,1.153846153846154
21,0,atˈuntʃʲ,0.384,0.48,1.25
21,1,dˈavid,0.416,0.48,1.153846153846154
21,2,sa,0.416,0.448,1.076923076923077
21,3,rˌidikˈat,0.416,0.448,1.076923076923077
21,4,dˌela,0.384,0.352,0.9166666666666666
21,5,"pəmˈɨnt,",0.416,0.224,0.5384615384615385
21,6,sa,0.416,0.448,1.076923076923077
21,7,"spəlˈat,",0.416,0.224,0.5384615384615385
21,8,sa,0.416,0.352,0.8461538461538461
21,9,ˈuns,0.384,0.224,0.5833333333333334
21,10,ʃi,0.416,0.16,0.38461538461538464
21,11,ʃʲa,0.416,0.384,0.9230769230769231
21,12,skimbˈat,0.416,0.352,0.8461538461538461
21,13,haɪnˈele.,0.416,0.384,0.9230769230769231
22,0,ˈarba,0.384,0.384,1.0
22,1,fusˈese,0.416,0.416,1.0
22,2,tatˈəluɪ,0.416,0.416,1.0
22,3,"anˈak,",0.416,0.416,1.0
22,4,ku,0.416,0.224,0.5384615384615385
22,5,pˌəʃunʲˈile,0.416,0.352,0.8461538461538461
22,6,din,0.384,0.384,1.0
22,7,"ʒˈur,",0.416,0.352,0.8461538461538461
22,8,pe,0.416,0.256,0.6153846153846154
22,9,muntˈele,0.416,0.416,1.0
22,10,luɪ,0.416,0.384,0.9230769230769231
22,11,jˈuda.,0.416,0.384,0.9230769230769231
23,0,tˈotsʲʲ,0.384,0.384,1.0
23,1,ˈɔamenˌiɪ,0.384,0.384,1.0
23,2,kˌaɾe,0.384,0.32,0.8333333333333334
23,3,jeɾˌaʊ,0.384,0.384,1.0
23,4,ku,0.384,0.352,0.9166666666666666
23,5,jel,0.384,0.32,0.8333333333333334
23,6,ʃiʲaʊ,0.384,0.384,1.0
23,7,ˌakopeɾˈit,0.384,0.384,1.0
23,8,kˈapetˌele,0.384,0.32,0.8333333333333334
23,9,ʃiʲ,0.384,0.096,0.25
23,10,urkˈaʊ,0.384,0.384,1.0
23,11,ʃi,0.384,0.32,0.8333333333333334
23,12,jeɪ,0.384,0.288,0.7499999999999999
23,13,plɨŋɡˈɨnd.,0.416,0.416,1.0
24,0,jeɪ,0.288,0.224,0.7777777777777779
24,1,səl,0.32,0.288,0.8999999999999999
24,2,pɾimˈeaskə,0.32,0.288,0.8999999999999999
24,3,ɨn,0.288,0.288,1.0
24,4,tʃetˈate,0.32,0.288,0.8999999999999999
24,5,ʃi,0.32,0.224,0.7
24,6,səɪ,0.288,0.256,0.888888888888889
24,7,dˈea,0.32,0.32,1.0
24,8,un,0.32,0.288,0.8999999999999999
24,9,lˈok,0.288,0.224,0.7777777777777779
24,10,ka,0.32,0.256,0.8
24,11,sə,0.32,0.32,1.0
24,12,lokwjˈaskə,0.288,0.256,0.888888888888889
24,13,ˌɨmpɾeˈunə,0.32,0.288,0.8999999999999999
24,14,ku,0.32,0.288,0.8999999999999999
24,15,jˈeɪ.,0.32,0.32,1.0
25,0,tu,0.384,0.384,1.0
25,1,ˈɨnsə,0.416,0.384,0.9230769230769231
25,2,ɨmpˈarte,0.384,0.416,1.0833333333333333
25,3,atʃˌest,0.416,0.416,1.0
25,4,tˌeɾitˈoɾiʊ,0.416,0.384,0.9230769230769231
25,5,ka,0.384,0.384,1.0
25,6,mˌoʃtenˈiɾe,0.416,0.32,0.7692307692307693
25,7,luɪ,0.384,0.32,0.8333333333333334
25,8,"ˌisɾaˈel,",0.416,0.32,0.7692307692307693
25,9,aʃˈa,0.416,0.16,0.38461538461538464
25,10,kˈum,0.384,0.32,0.8333333333333334
25,11,tsjam,0.416,0.384,0.9230769230769231
25,12,pˌoɾuntʃˈit.,0.416,0.416,1.0
26,0,ja,0.32,0.288,0.8999999999999999
26,1,a,0.352,0.352,1.0
26,2,dˌevenˈit,0.32,0.288,0.8999999999999999
26,3,sˌervitˈɔaɾea,0.352,0.352,1.0
26,4,rˈedʒeluɪ,0.32,0.32,1.0
26,5,ʃi,0.352,0.224,0.6363636363636365
26,6,sa,0.32,0.064,0.2
26,7,ˌɨŋɡɾiʒˈit,0.352,0.192,0.5454545454545455
26,8,de,0.32,0.256,0.8
26,9,"jˈel,",0.352,0.384,1.090909090909091
26,10,dar,0.32,0.288,0.8999999999999999
26,11,redʒˈele,0.352,0.224,0.6363636363636365
26,12,nu,0.32,0.32,1.0
26,13,sa,0.352,0.416,1.1818181818181819
26,14,kulkˈat,0.32,0.32,1.0
26,15,ku,0.352,0.32,0.9090909090909092
26,16,jˈa.,0.352,0.384,1.090909090909091
27,0,tˈatəl,0.352,0.288,0.8181818181818181
27,1,təʊ,0.352,0.256,0.7272727272727273
27,2,ˈɨnsə,0.352,0.256,0.7272727272727273
27,3,nu,0.352,0.32,0.9090909090909092
27,4,maɪ,0.384,0.384,1.0
27,5,jˌeste,0.352,0.32,0.9090909090909092
27,6,ˌɨŋɡɾiʒoɾˈat,0.352,0.288,0.8181818181818181
27,7,pˌentɾu,0.352,0.352,1.0
27,8,"məɡˈəɾitsˌe,",0.352,0.352,1.0
27,9,tʃˈi,0.384,0.352,0.9166666666666666
27,10,jˌeste,0.352,0.224,0.6363636363636365
27,11,ˌɨŋɡɾiʒoɾˈat,0.352,0.32,0.9090909090909092
27,12,pˌentɾu,0.352,0.32,0.9090909090909092
27,13,vˈoj.,0.384,0.416,1.0833333333333333
28,0,sˈaʊl,0.256,0.288,1.125
28,1,ʃʲa,0.288,0.32,1.1111111111111112
28,2,dˈat,0.288,0.352,1.2222222222222223
28,3,sˈeama,0.288,0.288,1.0
28,4,kə,0.288,0.256,0.888888888888889
28,5,atʃˌesta,0.288,0.288,1.0
28,6,jeɾˌa,0.288,0.32,1.1111111111111112
28,7,samwˈel,0.288,0.192,0.6666666666666667
28,8,ʃi,0.288,0.096,0.33333333333333337
28,9,sa,0.256,0.096,0.375
28,10,plekˈat,0.288,0.288,1.0
28,11,ku,0.288,0.256,0.888888888888889
28,12,fˈatsa,0.288,0.288,1.0
28,13,la,0.288,0.256,0.888888888888889
28,14,pəmˈɨnt,0.288,0.256,0.888888888888889
28,15,ʃi,0.288,0.256,0.888888888888889
28,16,sa,0.288,0.224,0.7777777777777779
28,17,ˌɨnkinˈat.,0.288,0.32,1.1111111111111112
29,0,ˈoptspɾezˌetʃe.zˈeɾozˈeɾo,0.416,0.32,0.7692307692307693
29,1,zˈeɾo,0.416,0.384,0.9230769230769231
29,2,de,0.416,0.416,1.0
29,3,bərbˈatsʲʲ,0.416,0.448,1.076923076923077
29,4,din,0.416,0.384,0.9230769230769231
29,5,bˌenjamˈin,0.416,0.32,0.7692307692307693
29,6,aʊ,0.416,0.384,0.9230769230769231
29,7,"kəzˈut,",0.416,0.096,0.23076923076923078
29,8,tˈotsʲʲ,0.416,0.32,0.7692307692307693
29,9,atʃˌeʃtja,0.416,0.416,1.0
29,10,fiʲˈind,0.416,0.352,0.8461538461538461
29,11,bərbˈatsʲʲ,0.416,0.352,0.8461538461538461
29,12,vitˈeʒʲʲ.,0.448,0.48,1.0714285714285714
30,0,se,0.352,0.32,0.9090909090909092
30,1,ˌɨnəltsˈa,0.384,0.352,0.9166666666666666
30,2,fˈum,0.352,0.288,0.8181818181818181
30,3,din,0.384,0.352,0.9166666666666666
30,4,nəɾʲˈile,0.384,0.352,0.9166666666666666
30,5,"lˈuɪ,",0.352,0.352,1.0
30,6,jˈar,0.384,0.128,0.3333333333333333
30,7,din,0.384,0.416,1.0833333333333333
30,8,ɡˈuɾa,0.352,0.32,0.9090909090909092
30,9,luɪ,0.384,0.16,0.4166666666666667
30,10,jˈeʃa,0.384,0.416,1.0833333333333333
30,11,un,0.352,0.352,1.0
30,12,fˈok,0.384,0.352,0.9166666666666666
30,13,mˌistwitˈor.,0.384,0.384,1.0
31,0,jeʊ,0.32,0.288,0.8999999999999999
31,1,am,0.352,0.256,0.7272727272727273
31,2,konstɾwˈit,0.352,0.32,0.9090909090909092
31,3,pˌentɾu,0.352,0.32,0.9090909090909092
31,4,tˈine,0.352,0.352,1.0
31,5,o,0.32,0.224,0.7
31,6,kˈasə,0.352,0.32,0.9090909090909092
31,7,"məɾˈeatsə,",0.352,0.32,0.9090909090909092
31,8,un,0.352,0.32,0.9090909090909092
31,9,lˈok,0.352,0.224,0.6363636363636365
31,10,ˈunde,0.32,0.288,0.8999999999999999
31,11,sə,0.352,0.32,0.9090909090909092
31,12,stˈaɪ,0.352,0.288,0.8181818181818181
31,13,pe,0.352,0.32,0.9090909090909092
31,14,vˈetʃje.,0.352,0.448,1.272727272727273
32,0,dar,0.48,0.48,1.0
32,1,bɾˈiza,0.512,0.48,0.9375
32,2,ɨl,0.48,0.48,1.0
32,3,dˈestɾəmˌə,0.512,0.352,0.6875
32,4,"rˈepedˌe,",0.512,0.48,0.9375
32,5,dˌezvəlwˈind,0.48,0.416,0.8666666666666667
32,6,jˈaɾəʃʲˌʲ,0.512,0.672,1.3125
32,7,zidˈurile,0.48,0.384,0.8
32,8,ˌapaɾˈent,0.512,0.16,0.3125
32,9,neatˈinse.,0.512,0.608,1.1875
33,0,kɾˈed,0.416,0.384,0.9230769230769231
33,1,kə,0.416,0.32,0.7692307692307693
33,2,"maɾˈula,",0.416,0.448,1.076923076923077
33,3,ˌɨmpotɾˈiva,0.416,0.384,0.9230769230769231
33,4,ˌapaɾentsʲˈilor,0.416,0.352,0.8461538461538461
33,5,ale,0.416,0.384,0.9230769230769231
33,6,tˌalentˈele,0.416,0.384,0.9230769230769231
33,7,jeɪ,0.416,0.32,0.7692307692307693
33,8,"askˈunse,",0.416,0.256,0.6153846153846154
33,9,pɾˌesupˈuse,0.416,0.384,0.9230769230769231
33,10,mˈaɾja,0.416,0.416,1.0
33,11,mˌaɡdalˈena,0.416,0.48,1.153846153846154
33,12,ˌaŋdʒelˈos.,0.448,0.416,0.9285714285714285
34,0,ˈumblə,0.32,0.352,1.0999999999999999
34,1,zvˈonul,0.352,0.384,1.090909090909091
34,2,tˈatə,0.352,0.32,0.9090909090909092
34,3,kə,0.352,0.288,0.8181818181818181
34,4,dutʃˈele,0.32,0.384,1.2
34,5,de,0.352,0.224,0.6363636363636365
34,6,sˈilʲ,0.352,0.128,0.36363636363636365
34,7,va,0.352,0.192,0.5454545454545455
34,8,fˈiʲ,0.352,0.352,1.0
34,9,ˌɨnskəʊnˈat,0.32,0.32,1.0
34,10,pɾˈim,0.352,0.256,0.7272727272727273
34,11,sfˈetnik,0.352,0.288,0.8181818181818181
34,12,al,0.352,0.384,1.090909090909091
34,13,rˈedʒeluɪ.,0.352,0.384,1.090909090909091
35,0,sˌuntem,0.32,0.48,1.5
35,1,ˌamɨndˈoj,0.352,0.448,1.272727272727273
35,2,atˈɨt,0.32,0.384,1.2
35,3,de,0.352,0.352,1.0
35,4,kˌompɾomˈiʃʲʲ,0.32,0.16,0.5
35,5,ɨnkˈɨt,0.352,0.288,0.8181818181818181
35,6,putˈeɾʲile,0.32,0.352,1.0999999999999999
35,7,nˌɔastɾe,0.352,0.352,1.0
35,8,reunˈite,0.32,0.256,0.8
35,9,nu,0.352,0.32,0.9090909090909092
35,10,fˈak,0.32,0.288,0.8999999999999999
35,11,nˈitʃʲ,0.352,0.256,0.7272727272727273
35,12,kˈɨt,0.32,0.288,0.8999999999999999
35,13,putˈeɾea,0.352,0.288,0.8181818181818181
35,14,ˌunuɪ,0.32,0.224,0.7
35,15,koɡlˈan,0.352,0.32,0.9090909090909092
35,16,ˌɔaɾekˈaɾe.,0.352,0.384,1.090909090909091
36,0,dar,0.32,0.352,1.0999999999999999
36,1,kalvˈarul,0.352,0.384,1.090909090909091
36,2,nu,0.352,0.384,1.090909090909091
36,3,ˌɨntʃetˈase,0.352,0.32,0.9090909090909092
36,4,nˈitʃʲ,0.352,0.32,0.9090909090909092
36,5,dˈupə,0.352,0.256,0.7272727272727273
36,6,tʃe,0.352,0.32,0.9090909090909092
36,7,kosmˈas,0.352,0.288,0.8181818181818181
36,8,sokˈotea,0.32,0.32,1.0
36,9,kə,0.352,0.32,0.9090909090909092
36,10,ˌatinsˈese,0.352,0.32,0.9090909090909092
36,11,"limˈanul,",0.352,0.192,0.5454545454545455
36,12,kˌələkˈɨnd,0.352,0.288,0.8181818181818181
36,13,pe,0.352,0.384,1.090909090909091
36,14,pəmˈɨntul,0.352,0.352,1.0
36,15,bˌizantˈin.,0.352,0.352,1.0
37,0,se,0.352,0.448,1.272727272727273
37,1,adɾˈesea,0.384,0.448,1.1666666666666667
37,2,ˈabdul,0.352,0.288,0.8181818181818181
37,3,rahmˈan,0.384,0.288,0.7499999999999999
37,4,fˈeteɪ,0.352,0.128,0.36363636363636365
37,5,kˌaɾe,0.384,0.352,0.9166666666666666
37,6,ˌɨntʃerkˈa,0.352,0.384,1.090909090909091
37,7,ˌɨnspəˌimɨntˈatə,0.384,0.512,1.3333333333333333
37,8,sˌəʃʲʲ,0.352,0.448,1.272727272727273
37,9,askˈundə,0.384,0.32,0.8333333333333334
37,10,ku,0.352,0.352,1.0
37,11,myɪnʲˈile,0.384,0.384,1.0
37,12,ɡˌolitʃˈunea.,0.384,0.384,1.0
38,0,kɨnd,0.288,0.288,1.0
38,1,sˌəvɨrʃˈise,0.32,0.384,1.2
38,2,atʃˌest,0.32,0.352,1.0999999999999999
38,3,"dʒˈest,",0.288,0.288,1.0
38,4,neɾˈeʊ,0.32,0.064,0.2
38,5,so,0.32,0.32,1.0
38,6,kotˈise,0.32,0.32,1.0
38,7,kə,0.288,0.192,0.6666666666666667
38,8,dədˈuse,0.32,0.16,0.5
38,9,dovˈadə,0.32,0.256,0.8
38,10,de,0.32,0.256,0.8
38,11,o,0.288,0.256,0.888888888888889
38,12,ɨnˈaltə,0.32,0.352,1.0999999999999999
38,13,ˌɨntseleptʃˈune,0.32,0.352,1.0999999999999999
38,14,polˈitikˌə.,0.32,0.416,1.2999999999999998
39,0,mehmˈed,0.384,0.352,0.9166666666666666
39,1,fusˈese,0.416,0.448,1.076923076923077
39,2,pɾˌevenˈit,0.416,0.448,1.076923076923077
39,3,de,0.384,0.352,0.9166666666666666
39,4,ʃˌehabˈet,0.416,0.256,0.6153846153846154
39,5,din,0.416,0.16,0.38461538461538464
39,6,ʃi,0.384,0.448,1.1666666666666667
39,7,de,0.416,0.352,0.8461538461538461
39,8,zˌaɡanˈos,0.416,0.384,0.9230769230769231
39,9,pˈaʃa,0.384,0.288,0.7499999999999999
39,10,asˈupɾa,0.416,0.128,0.3076923076923077
39,11,tˌulbuɾəɾʲˈilor,0.416,0.416,1.0
39,12,kˌaɾe,0.384,0.416,1.0833333333333333
39,13,se,0.416,0.48,1.153846153846154
39,14,pɾˌeɡətˈeaw.,0.416,0.48,1.153846153846154
40,0,kɨnd,0.256,0.224,0.875
40,1,kɾˈezʲʲ,0.288,0.128,0.4444444444444445
40,2,kə,0.256,0.256,1.0
40,3,aɪ,0.288,0.32,1.1111111111111112
40,4,sˌəmʲʲ,0.256,0.16,0.625
40,5,pˌotsʲʲ,0.288,0.288,1.0
40,6,pɾokˈuɾa,0.256,0.256,1.0
40,7,pɾimˈele,0.288,0.288,1.0
40,8,"dˈate?""",0.288,0.288,1.0
40,9,"""mə",0.256,0.16,0.625
40,10,voj,0.288,0.128,0.4444444444444445
40,11,stɾˌəduˈi,0.256,0.192,0.75
40,12,sə,0.288,0.352,1.2222222222222223
40,13,le,0.256,0.256,1.0
40,14,kˈapət,0.288,0.32,1.1111111111111112
40,15,kˈɨt,0.256,0.256,1.0
40,16,maɪ,0.288,0.32,1.1111111111111112
40,17,rˈepedˌe.,0.288,0.352,1.2222222222222223
41,0,kˈɨtsʲʲ,0.32,0.288,0.8999999999999999
41,1,dˈintɾe,0.32,0.32,1.0
41,2,aktwˈaliɪ,0.32,0.256,0.8
41,3,lˌokwitˈoɾʲʲ,0.352,0.32,0.9090909090909092
41,4,aɪ,0.32,0.256,0.8
41,5,oɾˈaʃuluɪ,0.32,0.288,0.8999999999999999
41,6,vor,0.352,0.096,0.27272727272727276
41,7,sˌupravjˌetsuˈi,0.32,0.096,0.3
41,8,mˌətʃelˈuriɪ,0.32,0.256,0.8
41,9,kˌaɾe,0.352,0.352,1.0
41,10,avˌea,0.32,0.256,0.8
41,11,sə,0.32,0.288,0.8999999999999999
41,12,se,0.352,0.48,1.3636363636363638
41,13,abˈatə,0.32,0.352,1.0999999999999999
41,14,asˈupɾa,0.32,0.352,1.0999999999999999
41,15,lˈor?,0.352,0.416,1.1818181818181819
42,0,se,0.288,0.32,1.1111111111111112
42,1,ˌapɾopiʲˈa,0.288,0.288,1.0
42,2,de,0.288,0.32,1.1111111111111112
42,3,ˌosmanlˈyɪi,0.288,0.16,0.5555555555555556
42,4,kˌaɾe,0.32,0.224,0.7
42,5,o,0.288,0.224,0.7777777777777779
42,6,tɾˌɨntisˈeɾə,0.288,0.352,1.2222222222222223
42,7,pe,0.288,0.32,1.1111111111111112
42,8,pˌaɾadosˈeala,0.32,0.352,1.0999999999999999
42,9,de,0.288,0.256,0.888888888888889
42,10,pjˈatɾə,0.288,0.224,0.7777777777777779
42,11,ʃiʲ,0.288,0.096,0.33333333333333337
42,12,ˌɨntʃepusˈelə,0.288,0.256,0.888888888888889
42,13,sˌəʃʲʲ,0.32,0.288,0.8999999999999999
42,14,lˈase,0.288,0.32,1.1111111111111112
42,15,ɨn,0.288,0.256,0.888888888888889
42,16,ʒˈos,0.288,0.32,1.1111111111111112
42,17,ʃalvˈaɾiɪ.,0.32,0.352,1.0999999999999999
43,0,ɨndˈeopʃte,0.416,0.416,1.0
43,1,sunt,0.416,0.416,1.0
43,2,"paʃnˈitʃʲ,",0.416,0.416,1.0
43,3,dar,0.416,0.128,0.3076923076923077
43,4,kˌɨteodˈatə,0.448,0.32,0.7142857142857143
43,5,ˌɨi,0.416,0.544,1.307692307692308
43,6,lovˈeʃte,0.416,0.544,1.307692307692308
43,7,nebˈunja,0.416,0.384,0.9230769230769231
43,8,ʃi,0.448,0.256,0.5714285714285714
43,9,se,0.416,0.448,1.076923076923077
43,10,nˌəpustˈesk,0.416,0.448,1.076923076923077
43,11,asˈupɾa,0.416,0.384,0.9230769230769231
43,12,kˌaɾavanˈelor.,0.448,0.48,1.0714285714285714
44,0,dˈespɾe,0.384,0.32,0.8333333333333334
44,1,tʃˌelelˌalte,0.384,0.448,1.1666666666666667
44,2,kestjˈunʲʲ,0.384,0.416,1.0833333333333333
44,3,polˈititʃˌe,0.384,0.416,1.0833333333333333
44,4,veɪ,0.384,0.448,1.1666666666666667
44,5,tɾˈata,0.384,0.128,0.3333333333333333
44,6,ku,0.384,0.224,0.5833333333333334
44,7,fˈiʊl,0.384,0.352,0.9166666666666666
44,8,"mˈeu,",0.384,0.288,0.7499999999999999
44,9,"sultˈanul,",0.384,0.384,1.0
44,10,ʃi,0.384,0.288,0.7499999999999999
44,11,ku,0.384,0.256,0.6666666666666666
44,12,sfˈetnitʃˌiɪ,0.384,0.384,1.0
44,13,sˈəɪ.,0.416,0.416,1.0
45,0,pˈapa,0.32,0.32,1.0
45,1,nikˈolo,0.32,0.352,1.0999999999999999
45,2,al,0.352,0.48,1.3636363636363638
45,3,vˈelˈea,0.32,0.096,0.3
45,4,jˌeste,0.32,0.16,0.5
45,5,pɾjˈetenul,0.352,0.352,1.0
45,6,"bizˈantsuluɪ,",0.32,0.288,0.8999999999999999
45,7,afˈirmə,0.352,0.288,0.8181818181818181
45,8,"jˈel,",0.32,0.096,0.3
45,9,ʃi,0.32,0.288,0.8999999999999999
45,10,nu,0.352,0.384,1.090909090909091
45,11,ne,0.32,0.32,1.0
45,12,va,0.32,0.288,0.8999999999999999
45,13,ləsˈa,0.352,0.32,0.9090909090909092
45,14,sə,0.32,0.352,1.0999999999999999
45,15,pjeɾˈim.,0.352,0.416,1.1818181818181819
46,0,dɾakˈula,0.256,0.32,1.25
46,1,nu,0.288,0.288,1.0
46,2,putˌea,0.288,0.224,0.7777777777777779
46,3,sə,0.288,0.256,0.888888888888889
46,4,ˈuɪte,0.288,0.224,0.7777777777777779
46,5,ˈaniɪ,0.288,0.192,0.6666666666666667
46,6,ɡɾˈeɪ,0.288,0.288,1.0
46,7,ɨn,0.288,0.352,1.2222222222222223
46,8,kˌaɾe,0.288,0.288,1.0
46,9,fusˈese,0.288,0.288,1.0
46,10,zəlˈoɡ,0.288,0.288,1.0
46,11,la,0.288,0.288,1.0
46,12,"ˌadɾjanopˈole,",0.288,0.192,0.6666666666666667
46,13,ˌɨmpɾeˈunə,0.288,0.032,0.11111111111111112
46,14,ku,0.288,0.16,0.5555555555555556
46,15,fɾatˈele,0.288,0.32,1.1111111111111112
46,16,səʊ,0.288,0.352,1.2222222222222223
46,17,maɪ,0.288,0.32,1.1111111111111112
46,18,"mˈik,",0.288,0.256,0.888888888888889
46,19,rˈadu.,0.288,0.32,1.1111111111111112
47,0,fˈɔarte,0.256,0.256,1.0
47,1,bˈun,0.256,0.384,1.5
47,2,kˌunoskətˈor,0.288,0.352,1.2222222222222223
47,3,al,0.256,0.288,1.125
47,4,lˈimbiɪ,0.256,0.032,0.125
47,5,ʃi,0.288,0.032,0.11111111111111112
47,6,tɾˌaditsˈiɪlor,0.256,0.096,0.375
47,7,"turtʃˈeʃtʲʲ,",0.288,0.288,1.0
47,8,nˌui,0.256,0.32,1.25
47,9,fusˈese,0.256,0.384,1.5
47,10,ɡɾˈeʊ,0.288,0.288,1.0
47,11,sə,0.256,0.352,1.375
47,12,se,0.288,0.288,1.0
47,13,dˈea,0.256,0.288,1.125
47,14,dɾˈept,0.256,0.224,0.875
47,15,un,0.288,0.256,0.888888888888889
47,16,tˈurk,0.256,0.256,1.0
47,17,ˌɔaɾekˈaɾe.,0.288,0.416,1.4444444444444444
0,0,ʃi,0.32,0.416,1.2999999999999998
0,1,pe,0.352,0.256,0.7272727272727273
0,2,bˈunə,0.352,0.16,0.4545454545454546
0,3,"dɾeptˈate,",0.352,0.032,0.09090909090909091
0,4,maɪ,0.352,0.608,1.7272727272727273
0,5,ˌeɡzistˈa,0.352,0.352,1.0
0,6,ˈɔaɾe,0.352,0.448,1.272727272727273
0,7,vɾˈeo,0.352,0.384,1.090909090909091
0,8,femˈeje,0.352,0.288,0.8181818181818181
0,9,de,0.352,0.288,0.8181818181818181
0,10,vˈɨrsta,0.352,0.16,0.4545454545454546
0,11,jeɪ,0.352,0.288,0.8181818181818181
0,12,ˌinkapabˈilə,0.352,0.32,0.9090909090909092
0,13,sə,0.352,0.352,1.0
0,14,spˈunə,0.352,0.288,0.8181818181818181
0,15,numˈele,0.352,0.288,0.8181818181818181
0,16,ʃi,0.352,0.288,0.8181818181818181
0,17,pɾˌenumˈele?,0.352,0.32,0.9090909090909092
1,0,fɾˌankoˈis,0.32,0.32,1.0
1,1,vojˈa,0.352,0.416,1.1818181818181819
1,2,sə,0.32,0.352,1.0999999999999999
1,3,se,0.352,0.352,1.0
1,4,fˈakə,0.32,0.32,1.0
1,5,ˌaktʃeptˈat,0.352,0.32,0.9090909090909092
1,6,de,0.32,0.288,0.8999999999999999
1,7,"tʃˌeilˈaltsʲʲ,",0.352,0.16,0.4545454545454546
1,8,"sˌemənˈɨndule,",0.32,0.288,0.8999999999999999
1,9,ʃi,0.352,0.352,1.0
1,10,sˌufeɾˈea,0.352,0.288,0.8181818181818181
1,11,tˈotuʃʲˌʲ,0.32,0.32,1.0
1,12,kə,0.352,0.384,1.090909090909091
1,13,nu,0.32,0.512,1.6
1,14,jeɾˌa,0.352,0.384,1.090909090909091
1,15,ˈunde,0.32,0.352,1.0999999999999999
1,16,a,0.352,0.128,0.36363636363636365
1,17,aʒˈuns,0.32,0.192,0.6
1,18,jel,0.352,0.32,0.9090909090909092
1,19,ˈɨnsuʃʲˌʲ.,0.352,0.288,0.8181818181818181
2,0,"afˈaɾə,",0.48,0.064,0.13333333333333333
2,1,deʃʲˈi,0.48,0.8,1.6666666666666667
2,2,jeɾˌa,0.48,1.056,2.2
2,3,ˌɨntʃepˈutul,0.48,0.544,1.1333333333333335
2,4,lˈuniɪ,0.48,0.48,1.0
2,5,"jˈulje,",0.48,0.256,0.5333333333333333
2,6,pˌeluzˈele,0.48,0.16,0.33333333333333337
2,7,se,0.48,0.448,0.9333333333333333
2,8,"ˌɨŋɡəlbenˈeaw,",0.48,0.416,0.8666666666666667
2,9,kopˈatʃiɪ,0.48,0.224,0.4666666666666667
2,10,ˈɨʃʲʲ,0.48,0.288,0.6
2,11,pjerdˈeaw,0.48,0.608,1.2666666666666666
2,12,fɾunzˈele,0.48,0.576,1.2
2,13,uskˈate.,0.48,0.608,1.2666666666666666
3,0,tɾimˈis,0.448,0.32,0.7142857142857143
3,1,nˌeɨndojˈelnik,0.48,0.448,0.9333333333333333
3,2,de,0.48,0.448,0.9333333333333333
3,3,kˈətɾe,0.48,0.512,1.0666666666666667
3,4,"samwˈel,",0.48,0.16,0.33333333333333337
3,5,dˈoktorul,0.48,0.192,0.4
3,6,"fˌeldheˈim,",0.48,0.416,0.8666666666666667
3,7,fostul,0.48,0.384,0.8
3,8,mˌeu,0.48,0.352,0.7333333333333333
3,9,"psihjˈatɾu,",0.48,0.512,1.0666666666666667
3,10,a,0.48,0.48,1.0
3,11,venˈit,0.48,0.48,1.0
3,12,ɨn,0.48,0.512,1.0666666666666667
3,13,vˈizitˌə.,0.48,0.48,1.0
4,0,"desˈiɡur,",0.416,0.512,1.2307692307692308
4,1,ar,0.416,0.128,0.3076923076923077
4,2,fˈi,0.416,0.352,0.8461538461538461
4,3,putˈut,0.416,0.384,0.9230769230769231
4,4,sə,0.416,0.416,1.0
4,5,kˌontaktˈeze,0.416,0.416,1.0
4,6,"polˈitsja,",0.416,0.384,0.9230769230769231
4,7,kˈətʃʲ,0.416,0.256,0.6153846153846154
4,8,dˌakə,0.416,0.608,1.4615384615384617
4,9,se,0.416,0.448,1.076923076923077
4,10,"ˌɨnʃelˈase,",0.416,0.704,1.6923076923076923
4,11,nu,0.416,0.512,1.2307692307692308
4,12,ˌeskɾokˈase,0.416,0.096,0.23076923076923078
4,13,tˈotuʃʲˌʲ,0.416,0.256,0.6153846153846154
4,14,pe,0.416,0.288,0.6923076923076923
4,15,nˈimenʲˌʲ.,0.448,0.448,1.0
5,0,"dˈa,",0.352,0.64,1.8181818181818183
5,1,konfˈirmə,0.352,0.096,0.27272727272727276
5,2,"ˌintɾiɡˈanta,",0.352,0.32,0.9090909090909092
5,3,ˌaʃezˈɨnduse,0.352,0.32,0.9090909090909092
5,4,ku,0.352,0.32,0.9090909090909092
5,5,ˌeleɡˈantsə,0.352,0.16,0.4545454545454546
5,6,pitʃˈor,0.352,0.096,0.27272727272727276
5,7,pˈeste,0.352,0.384,1.090909090909091
5,8,pitʃˈor,0.352,0.352,1.0
5,9,ka,0.352,0.352,1.0
5,10,ʃi,0.352,0.32,0.9090909090909092
5,11,kˈum,0.352,0.416,1.1818181818181819
5,12,nu,0.352,0.352,1.0
5,13,sar,0.352,0.32,0.9090909090909092
5,14,fˈiʲ,0.352,0.448,1.272727272727273
5,15,ˌɨntɨmplˈat,0.352,0.448,1.272727272727273
5,16,nimˈik.,0.352,0.224,0.6363636363636365
6,0,avˈeam,0.384,0.352,0.9166666666666666
6,1,səɪ,0.416,0.416,1.0
6,2,arˈət,0.416,0.416,1.0
6,3,kə,0.416,0.384,0.9230769230769231
6,4,putˈeam,0.416,0.384,0.9230769230769231
6,5,tɾˈetʃe,0.416,0.384,0.9230769230769231
6,6,pˈeste,0.416,0.416,1.0
6,7,kˌonvenjentsˈele,0.416,0.416,1.0
6,8,"burɡˈeze,",0.416,0.032,0.07692307692307693
6,9,la,0.416,0.352,0.8461538461538461
6,10,fˈel,0.416,0.448,1.076923076923077
6,11,ka,0.416,0.096,0.23076923076923078
6,12,"jˈel,",0.416,0.096,0.23076923076923078
6,13,din,0.416,0.416,1.0
6,14,dɾˈaɡostˌe.,0.416,0.416,1.0
7,0,dar,0.384,0.384,1.0
7,1,lumˈina,0.416,0.384,0.9230769230769231
7,2,ˈalba,0.416,0.416,1.0
7,3,a,0.416,0.096,0.23076923076923078
7,4,reflˌektɔaɾˈelor,0.416,0.352,0.8461538461538461
7,5,lor,0.416,0.416,1.0
7,6,"bˈea,",0.416,0.192,0.46153846153846156
7,7,ˌɨmpjedikˈɨndul,0.416,0.32,0.7692307692307693
7,8,sə,0.416,0.448,1.076923076923077
7,9,skɾutˈeze,0.416,0.352,0.8461538461538461
7,10,pˈublikul,0.416,0.416,1.0
7,11,ˌapəɾˈat,0.416,0.32,0.7692307692307693
7,12,de,0.416,0.384,0.9230769230769231
7,13,pen,0.416,0.384,0.9230769230769231
7,14,ˈumbɾə.,0.416,0.384,0.9230769230769231
8,0,am,0.288,0.288,1.0
8,1,səɪ,0.288,0.256,0.888888888888889
8,2,ɨnkˈid,0.32,0.288,0.8999999999999999
8,3,uʃˈor,0.288,0.288,1.0
8,4,kulˈɔaɾea,0.288,0.288,1.0
8,5,la,0.32,0.256,0.8
8,6,"rˌədətʃˈinə,",0.288,0.256,0.888888888888889
8,7,apˈoj,0.288,0.192,0.6666666666666667
8,8,am,0.32,0.288,0.8999999999999999
8,9,səl,0.288,0.288,1.0
8,10,filˈesk,0.288,0.288,1.0
8,11,pe,0.32,0.352,1.0999999999999999
8,12,pˈartea,0.288,0.288,1.0
8,13,dɾˈeaptə,0.288,0.224,0.7777777777777779
8,14,ʃiʲ,0.32,0.128,0.4
8,15,am,0.288,0.224,0.7777777777777779
8,16,səɪ,0.288,0.32,1.1111111111111112
8,17,dˈaʊ,0.32,0.288,0.8999999999999999
8,18,volˈum,0.288,0.16,0.5555555555555556
8,19,pe,0.288,0.224,0.7777777777777779
8,20,stˈɨŋɡa.,0.32,0.352,1.0999999999999999
9,0,speɾˈa,0.32,0.352,1.0999999999999999
9,1,kə,0.352,0.352,1.0
9,2,intɾˈusa,0.32,0.32,1.0
9,3,ˈiʲa,0.352,0.32,0.9090909090909092
9,4,ˌauzˈit,0.352,0.384,1.090909090909091
9,5,kˌuvintˈele,0.32,0.352,1.0999999999999999
9,6,ʃi,0.352,0.352,1.0
9,7,sa,0.32,0.256,0.8
9,8,"speɾjˈat,",0.352,0.256,0.7272727272727273
9,9,ɨn,0.352,0.352,1.0
9,10,tʃˈuda,0.32,0.352,1.0999999999999999
9,11,"distˈantseɪ,",0.352,0.224,0.6363636363636365
9,12,a,0.32,0.096,0.3
9,13,ˈuʃiɪ,0.352,0.352,1.0
9,14,ʃʲa,0.352,0.384,1.090909090909091
9,15,pˌaltɔanˈelor,0.32,0.288,0.8999999999999999
9,16,din,0.352,0.32,0.9090909090909092
9,17,dulˈap.,0.352,0.352,1.0
10,0,fˈiɪ,0.288,0.032,0.11111111111111112
10,1,"lˌiniʃtˈit,",0.288,0.288,1.0
10,2,veɪ,0.288,0.288,1.0
10,3,ˌapəɾˈea,0.288,0.128,0.4444444444444445
10,4,sˈub,0.288,0.32,1.1111111111111112
10,5,un,0.288,0.288,1.0
10,6,nˈume,0.288,0.32,1.1111111111111112
10,7,"fˈals,",0.288,0.32,1.1111111111111112
10,8,jˈar,0.288,0.096,0.33333333333333337
10,9,jeʊ,0.288,0.064,0.22222222222222224
10,10,nu,0.288,0.192,0.6666666666666667
10,11,voj,0.288,0.352,1.2222222222222223
10,12,spˈune,0.288,0.32,1.1111111111111112
10,13,nimˈik,0.288,0.288,1.0
10,14,kˌaɾe,0.288,0.256,0.888888888888889
10,15,sə,0.288,0.256,0.888888888888889
10,16,dezvˈəlwiʲˌe,0.288,0.288,1.0
10,17,ˌidentitˈatea,0.288,0.256,0.888888888888889
10,18,ta,0.288,0.096,0.33333333333333337
10,19,saʊ,0.288,0.224,0.7777777777777779
10,20,a,0.288,0.256,0.888888888888889
10,21,pˌəɾintsʲˈilor,0.288,0.288,1.0
10,22,tˈəɪ.,0.32,0.352,1.0999999999999999
11,0,ɨn,0.32,0.48,1.5
11,1,ˌoɾʲtʃˌe,0.32,0.352,1.0999999999999999
11,2,"kˈaz,",0.352,0.128,0.36363636363636365
11,3,kɨnd,0.32,0.064,0.2
11,4,jˈeʃʲʲ,0.32,0.352,1.0999999999999999
11,5,pe,0.352,0.352,1.0
11,6,teɾˈasa,0.32,0.384,1.2
11,7,hotˈeluluɪ,0.32,0.288,0.8999999999999999
11,8,kˌaɾe,0.352,0.32,0.9090909090909092
11,9,dˌominˈa,0.32,0.256,0.8
11,10,"otʃˈeanul,",0.32,0.288,0.8999999999999999
11,11,bəɡˈə,0.352,0.352,1.0
11,12,de,0.32,0.224,0.7
11,13,sˈeamə,0.32,0.32,1.0
11,14,kə,0.352,0.288,0.8181818181818181
11,15,ˈinimˌa,0.32,0.288,0.8999999999999999
11,16,ˌɨi,0.32,0.224,0.7
11,17,bˈətea,0.352,0.416,1.1818181818181819
11,18,maɪ,0.32,0.32,1.0
11,19,rˈepedˌe.,0.352,0.352,1.0
12,0,ɨn,0.384,0.384,1.0
12,1,tɾˈeɪ,0.384,0.352,0.9166666666666666
12,2,"dˌimensjˈunʲʲ,",0.384,0.32,0.8333333333333334
12,3,kˈɨt,0.384,0.064,0.16666666666666666
12,4,de,0.384,0.256,0.6666666666666666
12,5,fidˈele,0.384,0.416,1.0833333333333333
12,6,sunt,0.384,0.384,1.0
12,7,kərtsʲˈile,0.384,0.384,1.0
12,8,poʃtˈale,0.384,0.448,1.1666666666666667
12,9,ekspˈuse,0.384,0.352,0.9166666666666666
12,10,ɨn,0.384,0.32,0.8333333333333334
12,11,hˈolul,0.384,0.384,1.0
12,12,"hotˈeluluɪ,",0.384,0.288,0.7499999999999999
12,13,nimˈik,0.384,0.192,0.5
12,14,maɪ,0.384,0.416,1.0833333333333333
12,15,mˈult.,0.384,0.352,0.9166666666666666
13,0,fˈika,0.288,0.288,1.0
13,1,"jˈeɪ,",0.288,0.256,0.888888888888889
13,2,kˌaɾe,0.32,0.128,0.4
13,3,ˌɨi,0.288,0.096,0.33333333333333337
13,4,jeɾˌa,0.288,0.224,0.7777777777777779
13,5,alˈəturʲ,0.32,0.384,1.2
13,6,ɨn,0.288,0.288,1.0
13,7,ˈultimˌele,0.288,0.192,0.6666666666666667
13,8,klˈipe,0.32,0.288,0.8999999999999999
13,9,ʃi,0.288,0.288,1.0
13,10,kˌaɾe,0.288,0.128,0.4444444444444445
13,11,o,0.32,0.064,0.2
13,12,fətʃˈea,0.288,0.224,0.7777777777777779
13,13,sə,0.288,0.32,1.1111111111111112
13,14,sˈimtə,0.32,0.32,1.0
13,15,kə,0.288,0.32,1.1111111111111112
13,16,nu,0.288,0.32,1.1111111111111112
13,17,jeɾˌa,0.32,0.32,1.0
13,18,sˈiŋɡuɾˌə,0.288,0.288,1.0
13,19,pe,0.288,0.288,1.0
13,20,lˈume.,0.32,0.288,0.8999999999999999
14,0,kɨnd,0.352,0.384,1.090909090909091
14,1,jel,0.352,0.416,1.1818181818181819
14,2,se,0.352,0.32,0.9090909090909092
14,3,lˈimitˌa,0.352,0.224,0.6363636363636365
14,4,la,0.352,0.192,0.5454545454545455
14,5,reflˈeksiɪ,0.352,0.16,0.4545454545454546
14,6,"teoɾˈetitʃˌe,",0.352,0.32,0.9090909090909092
14,7,ja,0.352,0.288,0.8181818181818181
14,8,simtsˈea,0.384,0.192,0.5
14,9,kə,0.352,0.16,0.4545454545454546
14,10,ar,0.352,0.352,1.0
14,11,fˈiʲ,0.352,0.384,1.090909090909091
14,12,o,0.352,0.352,1.0
14,13,dovˈadə,0.352,0.416,1.1818181818181819
14,14,de,0.352,0.384,1.090909090909091
14,15,moʒˈitʃje,0.352,0.256,0.7272727272727273
14,16,sə,0.352,0.352,1.0
14,17,insˈiste.,0.384,0.416,1.0833333333333333
15,0,fɾˌaternˈiza,0.352,0.384,1.090909090909091
15,1,ku,0.384,0.416,1.0833333333333333
15,2,o,0.384,0.448,1.1666666666666667
15,3,fˌunktsjonˈaɾə,0.384,0.448,1.1666666666666667
15,4,dˌela,0.384,0.352,0.9166666666666666
15,5,"pɾˌiməɾˈiʲe,",0.384,0.192,0.5
15,6,sˈeakə,0.384,0.256,0.6666666666666666
15,7,ʃi,0.384,0.384,1.0
15,8,"kˌateɡoɾˈikə,",0.352,0.32,0.9090909090909092
15,9,o,0.384,0.32,0.8333333333333334
15,10,persˈɔanə,0.384,0.256,0.6666666666666666
15,11,kˌaɾe,0.384,0.416,1.0833333333333333
15,12,ʃtjˈa,0.384,0.384,1.0
15,13,tˈotul,0.384,0.352,0.9166666666666666
15,14,dˈespɾe,0.384,0.32,0.8333333333333334
15,15,tˈɔate.,0.384,0.384,1.0
16,0,ˈɨnkə,0.448,0.544,1.2142857142857144
16,1,din,0.48,0.512,1.0666666666666667
16,2,vɾemˈurʲ,0.448,0.448,1.0
16,3,"stəvˈekʲ,",0.48,0.224,0.4666666666666667
16,4,atʃˌeʃtja,0.48,0.608,1.2666666666666666
16,5,lokwjˈaʊ,0.448,0.352,0.7857142857142857
16,6,tˌeɾitoɾˈiʊl,0.48,0.416,0.8666666666666667
16,7,dˈinspɾe,0.448,0.224,0.5
16,8,ʃˈur,0.48,0.32,0.6666666666666667
16,9,pˈɨnə,0.48,0.48,1.0
16,10,ɨn,0.448,0.32,0.7142857142857143
16,11,tsˈaɾa,0.48,0.416,0.8666666666666667
16,12,edʒˈiptuluɪ.,0.48,0.448,0.9333333333333333
17,0,"tˈotuʃʲˌʲ,",0.448,0.576,1.2857142857142856
17,1,ˌɨnəltsimʲˈile,0.48,0.224,0.4666666666666667
17,2,naʊ,0.48,0.384,0.8
17,3,fost,0.448,0.224,0.5
17,4,"ˌɨndepərtˈate,",0.48,0.48,1.0
17,5,jˈar,0.48,0.448,0.9333333333333333
17,6,popˈorul,0.448,0.32,0.7142857142857143
17,7,ˈɨnkə,0.48,0.416,0.8666666666666667
17,8,maɪ,0.48,0.512,1.0666666666666667
17,9,adˈutʃea,0.448,0.448,1.0
17,10,ʃˈertfe,0.48,0.416,0.8666666666666667
17,11,ʃi,0.48,0.48,1.0
17,12,tˈəmyɪˌe,0.448,0.448,1.0
17,13,pe,0.48,0.384,0.8
17,14,ˌɨnəltsˈimʲʲ.,0.48,0.416,0.8666666666666667
18,0,manˈɔah,0.352,0.352,1.0
18,1,ˈiʲa,0.352,0.384,1.090909090909091
18,2,zˈis,0.352,0.288,0.8181818181818181
18,3,ɨŋdʒˈeruluɪ,0.352,0.32,0.9090909090909092
18,4,"dˈomnuluɪ,",0.384,0.384,1.0
18,5,te,0.352,0.32,0.9090909090909092
18,6,"rˈoɡ,",0.352,0.032,0.09090909090909091
18,7,dˈə,0.352,0.256,0.7272727272727273
18,8,nevˈoje,0.384,0.288,0.7499999999999999
18,9,sə,0.352,0.192,0.5454545454545455
18,10,te,0.352,0.288,0.8181818181818181
18,11,retsˈinem,0.352,0.288,0.8181818181818181
18,12,ka,0.384,0.416,1.0833333333333333
18,13,sətsʲʲ,0.352,0.256,0.7272727272727273
18,14,pɾˌeɡətˈim,0.352,0.352,1.0
18,15,un,0.352,0.288,0.8181818181818181
18,16,jˈed.,0.384,0.384,1.0
19,0,ɨn,0.32,0.32,1.0
19,1,zˈiwa,0.352,0.288,0.8181818181818181
19,2,a,0.32,0.256,0.8
19,3,ʃˈaptea,0.352,0.224,0.6363636363636365
19,4,saʊ,0.32,0.32,1.0
19,5,skulˈat,0.352,0.32,0.9090909090909092
19,6,dˌiminˈeatsa,0.32,0.288,0.8999999999999999
19,7,ʃiʲ,0.352,0.32,0.9090909090909092
19,8,aʊ,0.32,0.192,0.6
19,9,ˌɨnkonʒuɾˈat,0.352,0.32,0.9090909090909092
19,10,tʃetˈatea,0.32,0.32,1.0
19,11,ɨn,0.352,0.288,0.8181818181818181
19,12,atʃˈelaʃʲˌʲ,0.32,0.288,0.8999999999999999
19,13,"fˈel,",0.352,0.384,1.090909090909091
19,14,dar,0.32,0.256,0.8
19,15,de,0.352,0.416,1.1818181818181819
19,16,ʃˈapte,0.32,0.352,1.0999999999999999
19,17,ˌoɾʲʲ.,0.352,0.352,1.0
20,0,tˈiba,0.352,0.32,0.9090909090909092
20,1,ˈiʲa,0.352,0.352,1.0
20,2,zˈis,0.384,0.352,0.9166666666666666
20,3,"rˈedʒeluɪ,",0.352,0.32,0.9090909090909092
20,4,jˈatə,0.352,0.032,0.09090909090909091
20,5,kə,0.384,0.224,0.5833333333333334
20,6,jel,0.352,0.352,1.0
20,7,jˌeste,0.352,0.32,0.9090909090909092
20,8,ɨn,0.384,0.384,1.0
20,9,kˈasa,0.352,0.288,0.8181818181818181
20,10,luɪ,0.352,0.32,0.9090909090909092
20,11,"makˈir,",0.384,0.256,0.6666666666666666
20,12,fˈiʊl,0.352,0.32,0.9090909090909092
20,13,luɪ,0.352,0.224,0.6363636363636365
20,14,amjˈel,0.384,0.288,0.7499999999999999
20,15,din,0.352,0.192,0.5454545454545455
20,16,lˌodebˈar.,0.384,0.416,1.0833333333333333
21,0,dˌakə,0.32,0.288,0.8999999999999999
21,1,venˈitsʲʲ,0.32,0.384,1.2
21,2,la,0.352,0.416,1.1818181818181819
21,3,mˈine,0.32,0.32,1.0
21,4,ku,0.352,0.256,0.7272727272727273
21,5,ɡɨndˈurʲ,0.32,0.096,0.3
21,6,bˈune,0.32,0.16,0.5
21,7,ka,0.352,0.48,1.3636363636363638
21,8,sə,0.32,0.224,0.7
21,9,mə,0.352,0.32,0.9090909090909092
21,10,"ˌaʒutˈatsʲʲ,",0.32,0.256,0.8
21,11,atˈuntʃʲ,0.32,0.16,0.5
21,12,ˈinimˌa,0.352,0.288,0.8181818181818181
21,13,mea,0.32,0.224,0.7
21,14,se,0.352,0.32,0.9090909090909092
21,15,va,0.32,0.288,0.8999999999999999
21,16,ˌunʲʲ,0.32,0.288,0.8999999999999999
21,17,ku,0.352,0.32,0.9090909090909092
21,18,a,0.32,0.288,0.8999999999999999
21,19,vˈɔastɾə.,0.352,0.352,1.0
22,0,jel,0.352,0.32,0.9090909090909092
22,1,ˈiʲa,0.384,0.416,1.0833333333333333
22,2,ˌinvitˈat,0.384,0.352,0.9166666666666666
22,3,pe,0.384,0.32,0.8333333333333334
22,4,tˈotsʲʲ,0.384,0.384,1.0
22,5,fɾˈatsiɪ,0.352,0.224,0.6363636363636365
22,6,"sˈəɪ,",0.384,0.352,0.9166666666666666
22,7,fˈiji,0.384,0.352,0.9166666666666666
22,8,"rˈedʒeluɪ,",0.384,0.352,0.9166666666666666
22,9,ʃi,0.384,0.416,1.0833333333333333
22,10,pe,0.384,0.352,0.9166666666666666
22,11,tˈotsʲʲ,0.352,0.32,0.9090909090909092
22,12,bərbˈatsiɪ,0.384,0.32,0.8333333333333334
22,13,luɪ,0.384,0.096,0.25
22,14,"jˈuda,",0.384,0.416,1.0833333333333333
22,15,slˌuʒitˈoɾiɪ,0.384,0.352,0.9166666666666666
22,16,rˈedʒeluɪ.,0.384,0.352,0.9166666666666666
23,0,aʊ,0.32,0.256,0.8
23,1,ˌapukˈat,0.32,0.32,1.0
23,2,tortsˈele,0.352,0.256,0.7272727272727273
23,3,ku,0.32,0.256,0.8
23,4,mˈɨna,0.32,0.224,0.7
23,5,"stˈɨŋɡə,",0.352,0.32,0.9090909090909092
23,6,ɨn,0.32,0.288,0.8999999999999999
23,7,tˈimp,0.32,0.128,0.4
23,8,tʃe,0.352,0.32,0.9090909090909092
23,9,ɨn,0.32,0.256,0.8
23,10,mˈɨna,0.32,0.288,0.8999999999999999
23,11,dɾˈeaptə,0.352,0.352,1.0
23,12,tsinˈeaw,0.32,0.32,1.0
23,13,tɾˈɨmbitsˌele,0.32,0.288,0.8999999999999999
23,14,ka,0.352,0.352,1.0
23,15,sə,0.32,0.288,0.8999999999999999
23,16,sˈune.,0.352,0.32,0.9090909090909092
24,0,jel,0.384,0.352,0.9166666666666666
24,1,a,0.384,0.352,0.9166666666666666
24,2,fəkˈut,0.384,0.352,0.9166666666666666
24,3,tʃe,0.384,0.256,0.6666666666666666
24,4,jˌeste,0.384,0.288,0.7499999999999999
24,5,dɾˈept,0.384,0.288,0.7499999999999999
24,6,ˌɨnaˈintea,0.384,0.288,0.7499999999999999
24,7,okˈilor,0.416,0.384,0.9230769230769231
24,8,"dˈomnuluɪ,",0.384,0.416,1.0833333333333333
24,9,tˈot,0.384,0.352,0.9166666666666666
24,10,aʃˈa,0.384,0.32,0.8333333333333334
24,11,kˈum,0.384,0.384,1.0
24,12,fəkˈuse,0.384,0.288,0.7499999999999999
24,13,dˈavid,0.384,0.224,0.5833333333333334
24,14,stɾəmˈoʃul,0.384,0.352,0.9166666666666666
24,15,sˈəʊ.,0.416,0.416,1.0
25,0,atˈuntʃʲ,0.32,0.352,1.0999999999999999
25,1,sˈaʊl,0.352,0.32,0.9090909090909092
25,2,ʃʲa,0.352,0.352,1.0
25,3,"zˈis,",0.352,0.32,0.9090909090909092
25,4,jeʊ,0.352,0.032,0.09090909090909091
25,5,voj,0.352,0.032,0.09090909090909091
25,6,dˈa,0.32,0.256,0.8
25,7,ka,0.352,0.32,0.9090909090909092
25,8,səɪ,0.352,0.352,1.0
25,9,fˌiʲe,0.352,0.288,0.8181818181818181
25,10,o,0.352,0.288,0.8181818181818181
25,11,kapkˈanə,0.352,0.096,0.27272727272727276
25,12,ʃi,0.352,0.16,0.4545454545454546
25,13,ˈastfel,0.32,0.32,1.0
25,14,mˈɨna,0.352,0.736,2.090909090909091
25,15,fˌilistenʲˈilor,0.352,0.352,1.0
25,16,va,0.352,0.352,1.0
25,17,fˈiʲ,0.352,0.32,0.9090909090909092
25,18,ˌɨmpotɾˈiva,0.352,0.32,0.9090909090909092
25,19,lˈuɪ.,0.352,0.384,1.090909090909091
26,0,jeʊ,0.288,0.224,0.7777777777777779
26,1,am,0.32,0.288,0.8999999999999999
26,2,nəskˈut,0.32,0.32,1.0
26,3,lˈɨŋɡə,0.32,0.256,0.8
26,4,ja,0.32,0.32,1.0
26,5,ɨn,0.32,0.32,1.0
26,6,"kˈasə,",0.32,0.192,0.6
26,7,jˈar,0.288,0.032,0.11111111111111112
26,8,la,0.32,0.32,1.0
26,9,tɾˈeɪ,0.32,0.32,1.0
26,10,zˈile,0.32,0.352,1.0999999999999999
26,11,dˈupə,0.32,0.32,1.0
26,12,tʃe,0.32,0.288,0.8999999999999999
26,13,am,0.32,0.256,0.8
26,14,nəskˈut,0.288,0.256,0.888888888888889
26,15,"jˈeʊ,",0.32,0.16,0.5
26,16,a,0.32,0.32,1.0
26,17,nəskˈut,0.32,0.352,1.0999999999999999
26,18,ʃi,0.32,0.32,1.0
26,19,femˈeja,0.32,0.256,0.8
26,20,atʃˈeasta.,0.32,0.32,1.0
27,0,jel,0.384,0.32,0.8333333333333334
27,1,a,0.384,0.384,1.0
27,2,vorbˈit,0.384,0.352,0.9166666666666666
27,3,ku,0.384,0.448,1.1666666666666667
27,4,"jɔˈab,",0.416,0.416,1.0
27,5,fˈiʊl,0.384,0.32,0.8333333333333334
27,6,"tseɾwˈiʲeɪ,",0.384,0.288,0.7499999999999999
27,7,ʃi,0.384,0.32,0.8333333333333334
27,8,ku,0.416,0.352,0.8461538461538461
27,9,pɾˈeotul,0.384,0.352,0.9166666666666666
27,10,"ˌabjatˈar,",0.384,0.352,0.9166666666666666
27,11,jˈar,0.384,0.384,1.0
27,12,atʃˌeʃtja,0.416,0.288,0.6923076923076923
27,13,laʊ,0.384,0.32,0.8333333333333334
27,14,spɾiʃnˈit,0.384,0.352,0.9166666666666666
27,15,pe,0.384,0.288,0.7499999999999999
27,16,ˌadonˈiʲa.,0.416,0.416,1.0
28,0,tʃeɪ,0.352,0.448,1.272727272727273
28,1,kˌaɾe,0.384,0.352,0.9166666666666666
28,2,nu,0.384,0.544,1.4166666666666667
28,3,muɾˈeaw,0.384,0.064,0.16666666666666666
28,4,jeɾˌaʊ,0.352,0.032,0.09090909090909091
28,5,lovˈitsʲʲ,0.384,0.32,0.8333333333333334
28,6,ku,0.384,0.416,1.0833333333333333
28,7,"bˈube,",0.384,0.288,0.7499999999999999
28,8,jˈar,0.384,0.384,1.0
28,9,stɾˈiɡətul,0.352,0.32,0.9090909090909092
28,10,tʃetˈətsiɪ,0.384,0.416,1.0833333333333333
28,11,dˈupə,0.384,0.256,0.6666666666666666
28,12,ˌaʒutˈor,0.384,0.384,1.0
28,13,se,0.352,0.224,0.6363636363636365
28,14,ˌɨnəltsˈa,0.384,0.288,0.7499999999999999
28,15,pˈɨnə,0.384,0.32,0.8333333333333334
28,16,la,0.384,0.32,0.8333333333333334
28,17,tʃeɾˈurʲ.,0.384,0.384,1.0
29,0,dar,0.352,0.352,1.0
29,1,mikˈaja,0.384,0.32,0.8333333333333334
29,2,a,0.352,0.32,0.9090909090909092
29,3,"zˈis,",0.384,0.288,0.7499999999999999
29,4,dˌakə,0.384,0.032,0.08333333333333333
29,5,te,0.352,0.32,0.9090909090909092
29,6,veɪ,0.384,0.352,0.9166666666666666
29,7,ɨntˈɔartʃe,0.352,0.288,0.8181818181818181
29,8,ɨn,0.384,0.256,0.6666666666666666
29,9,"pˈatʃe,",0.384,0.384,1.0
29,10,ɨnsˈeamnə,0.352,0.352,1.0
29,11,kə,0.384,0.224,0.5833333333333334
29,12,nu,0.352,0.32,0.9090909090909092
29,13,dˈomnul,0.384,0.288,0.7499999999999999
29,14,a,0.384,0.256,0.6666666666666666
29,15,vorbˈit,0.352,0.352,1.0
29,16,pɾin,0.384,0.352,0.9166666666666666
29,17,mˈine.,0.384,0.384,1.0
30,0,apˈoj,0.384,0.128,0.3333333333333333
30,1,a,0.416,0.16,0.38461538461538464
30,2,ˌapɾopjˈat,0.416,0.48,1.153846153846154
30,3,semˈintsja,0.416,0.448,1.076923076923077
30,4,luɪ,0.416,0.384,0.9230769230769231
30,5,bˌenjamˈin,0.416,0.448,1.076923076923077
30,6,dˈupə,0.416,0.416,1.0
30,7,"klanˈurʲ,",0.416,0.384,0.9230769230769231
30,8,jˈar,0.384,0.384,1.0
30,9,sˈortsul,0.416,0.256,0.6153846153846154
30,10,a,0.416,0.416,1.0
30,11,kəzˈut,0.416,0.224,0.5384615384615385
30,12,pe,0.416,0.416,1.0
30,13,klˈanul,0.416,0.448,1.076923076923077
30,14,luɪ,0.416,0.416,1.0
30,15,mˈatɾi.,0.416,0.448,1.076923076923077
31,0,jel,0.32,0.32,1.0
31,1,nu,0.352,0.352,1.0
31,2,sa,0.352,0.384,1.090909090909091
31,3,dˌepərtˈat,0.352,0.32,0.9090909090909092
31,4,de,0.352,0.32,0.9090909090909092
31,5,pˌəkatˈele,0.352,0.256,0.7272727272727273
31,6,luɪ,0.352,0.288,0.8181818181818181
31,7,"jˌeɾobˈɔam,",0.352,0.288,0.8181818181818181
31,8,fˈiʊl,0.352,0.352,1.0
31,9,luɪ,0.352,0.32,0.9090909090909092
31,10,"nebˈat,",0.352,0.032,0.09090909090909091
31,11,tʃel,0.352,0.288,0.8181818181818181
31,12,karˌela,0.352,0.352,1.0
31,13,fəkˈut,0.352,0.32,0.9090909090909092
31,14,pe,0.352,0.288,0.8181818181818181
31,15,ˌisɾaˈel,0.352,0.32,0.9090909090909092
31,16,sə,0.352,0.352,1.0
31,17,pˌəkətwjˈaskə.,0.352,0.352,1.0
32,0,"""ʃtˈiɪ",0.416,0.256,0.6153846153846154
32,1,pɾˈea,0.416,0.512,1.2307692307692308
32,2,bˈine,0.448,0.384,0.8571428571428571
32,3,kə,0.416,0.448,1.076923076923077
32,4,datˈina,0.416,0.384,0.9230769230769231
32,5,nu,0.448,0.384,0.8571428571428571
32,6,ɨŋɡˈədwiʲˌe,0.416,0.384,0.9230769230769231
32,7,bˌərbatsʲˈilor,0.416,0.288,0.6923076923076923
32,8,"stɾəˈinʲʲ.""",0.448,0.608,1.357142857142857
32,9,ˌalʲʲ,0.416,0.032,0.07692307692307693
32,10,ekshˈibə,0.416,0.256,0.6153846153846154
32,11,ˈordinul,0.448,0.32,0.7142857142857143
32,12,skɾˈis,0.416,0.448,1.076923076923077
32,13,al,0.416,0.448,1.076923076923077
32,14,pˌadiʃˈahuluɪ.,0.448,0.544,1.2142857142857144
33,0,nu,0.32,0.032,0.1
33,1,nea,0.32,0.192,0.6
33,2,maɪ,0.32,0.48,1.5
33,3,rəmˈas,0.352,0.416,1.1818181818181819
33,4,dekˈɨt,0.32,0.352,1.0999999999999999
33,5,səɪ,0.32,0.256,0.8
33,6,poftˈim,0.352,0.288,0.8181818181818181
33,7,pe,0.32,0.064,0.2
33,8,tˈurtʃʲ,0.32,0.288,0.8999999999999999
33,9,ˈaʃʲʲ,0.352,0.352,1.0
33,10,ɨnfˈidʒe,0.32,0.288,0.8999999999999999
33,11,dɾapˈelul,0.32,0.32,1.0
33,12,vˈerde,0.32,0.32,1.0
33,13,al,0.352,0.288,0.8181818181818181
33,14,islˈamuluɪ,0.32,0.224,0.7
33,15,pe,0.32,0.288,0.8999999999999999
33,16,kupˈola,0.352,0.352,1.0
33,17,tʃentɾˈala,0.32,0.256,0.8
33,18,sfˈinteɪ,0.32,0.288,0.8999999999999999
33,19,sˈofja.,0.352,0.608,1.7272727272727273
34,0,kˌuvintˈele,0.32,0.416,1.2999999999999998
34,1,"lˈuɪ,",0.32,0.352,1.0999999999999999
34,2,tɾadˈuse,0.32,0.384,1.2
34,3,ɨn,0.32,0.48,1.5
34,4,"lˌatinˈeʃte,",0.352,0.352,1.0
34,5,ɨl,0.32,0.16,0.5
34,6,tɾezˈiɾə,0.32,0.256,0.8
34,7,din,0.32,0.288,0.8999999999999999
34,8,dˌuɾeɾˈɔasa,0.352,0.384,1.090909090909091
34,9,ˌimobˌilitˈate,0.32,0.352,1.0999999999999999
34,10,pe,0.32,0.128,0.4
34,11,fabɾˈizjo,0.32,0.128,0.4
34,12,"kornˈer,",0.32,0.16,0.5
34,13,kˌaɾe,0.352,0.224,0.6363636363636365
34,14,ˈɨʃʲʲ,0.32,0.128,0.4
34,15,fəkˈu,0.32,0.224,0.7
34,16,sˈemnul,0.32,0.352,1.0999999999999999
34,17,kɾˈutʃiɪ.,0.352,0.512,1.4545454545454546
35,0,"""tʃe",0.384,0.448,1.1666666666666667
35,1,sə,0.416,0.448,1.076923076923077
35,2,le,0.416,0.064,0.15384615384615385
35,3,dˈuk,0.416,0.064,0.15384615384615385
35,4,sˌanktitˈate,0.416,0.8,1.9230769230769234
35,5,ɨn,0.416,0.256,0.6153846153846154
35,6,afˈaɾə,0.416,0.448,1.076923076923077
35,7,de,0.384,0.448,1.1666666666666667
35,8,bˌinekˌuvɨntˈaɾea,0.416,0.448,1.076923076923077
35,9,"pˌontifikˈalə?""",0.416,0.64,1.5384615384615385
35,10,pˈapa,0.416,0.416,1.0
35,11,ˈɨʃʲʲ,0.416,0.288,0.6923076923076923
35,12,ɨnklˈəʃte,0.416,0.192,0.46153846153846156
35,13,pˈumniɪ.,0.416,0.48,1.153846153846154
36,0,kə,0.288,0.224,0.7777777777777779
36,1,tɾˌebujˈa,0.32,0.256,0.8
36,2,sə,0.32,0.224,0.7
36,3,akˈorde,0.288,0.224,0.7777777777777779
36,4,maɪ,0.32,0.224,0.7
36,5,mˈult,0.32,0.224,0.7
36,6,tˈimp,0.288,0.288,1.0
36,7,odˈihneɪ,0.32,0.32,1.0
36,8,ʃi,0.32,0.256,0.8
36,9,kə,0.288,0.32,1.1111111111111112
36,10,ar,0.32,0.352,1.0999999999999999
36,11,fˈiʲ,0.32,0.352,1.0999999999999999
36,12,ˌindikˈat,0.288,0.256,0.888888888888889
36,13,sə,0.32,0.288,0.8999999999999999
36,14,redˈukə,0.32,0.32,1.0
36,15,ˌefortˈurile,0.288,0.32,1.1111111111111112
36,16,fˈizitʃˌe,0.32,0.352,1.0999999999999999
36,17,ʃiʲ,0.32,0.352,1.0999999999999999
36,18,ˌintelektwˈale.,0.32,0.32,1.0
37,0,lˌebedˈele,0.416,0.384,0.9230769230769231
37,1,nu,0.416,0.288,0.6923076923076923
37,2,sunt,0.416,0.224,0.5384615384615385
37,3,bˈune,0.416,0.32,0.7692307692307693
37,4,de,0.416,0.32,0.7692307692307693
37,5,"mɨnkˈat!""",0.416,0.384,0.9230769230769231
37,6,vˌaɾedʒˈiɪ,0.416,0.16,0.38461538461538464
37,7,aʊ,0.448,0.224,0.5
37,8,ˌɨnʒumˌətətsˈit,0.416,0.416,1.0
37,9,ʃi,0.416,0.512,1.2307692307692308
37,10,kˌəpɾjɔˈaɾele,0.416,0.416,1.0
37,11,din,0.416,0.448,1.076923076923077
37,12,pˈark,0.416,0.416,1.0
37,13,"məɾˈite,",0.416,0.512,1.2307692307692308
37,14,dˈɔamne.,0.448,0.48,1.0714285714285714
38,0,"""jeʊ",0.352,0.448,1.272727272727273
38,1,tɾˈaɡ,0.352,0.32,0.9090909090909092
38,2,la,0.384,0.384,1.0
38,3,kˌaɾavˌanseɾˈaɪul,0.352,0.448,1.272727272727273
38,4,de,0.384,0.416,1.0833333333333333
38,5,lˈɨŋɡə,0.352,0.256,0.7272727272727273
38,6,"bazˈar.""",0.352,0.128,0.36363636363636365
38,7,"""ahˈa,",0.384,0.224,0.5833333333333334
38,8,la,0.352,0.128,0.36363636363636365
38,9,tʃe,0.384,0.512,1.3333333333333333
38,10,vˈed,0.352,0.256,0.7272727272727273
38,11,"kjˈorul?""",0.352,0.32,0.9090909090909092
38,12,"""dˈa,",0.384,0.384,1.0
38,13,la,0.352,0.416,1.1818181818181819
38,14,tʃe,0.384,0.384,1.0
38,15,vˈed,0.352,0.288,0.8181818181818181
38,16,kjˈorul.,0.384,0.416,1.0833333333333333
39,0,sedˈusə,0.288,0.32,1.1111111111111112
39,1,de,0.288,0.288,1.0
39,2,redʒˈele,0.288,0.32,1.1111111111111112
39,3,"ʒˈean,",0.32,0.352,1.0999999999999999
39,4,tɾəˈise,0.288,0.128,0.4444444444444445
39,5,ɨn,0.288,0.256,0.888888888888889
39,6,tˈaɪnə,0.288,0.192,0.6666666666666667
39,7,o,0.32,0.256,0.8
39,8,ˌɨnkɨntətˈɔaɾe,0.288,0.224,0.7777777777777779
39,9,povˈeste,0.288,0.288,1.0
39,10,de,0.288,0.352,1.2222222222222223
39,11,dɾˈaɡostˌe,0.32,0.384,1.2
39,12,tʃe,0.288,0.256,0.888888888888889
39,13,avˌea,0.288,0.064,0.22222222222222224
39,14,sə,0.288,0.192,0.6666666666666667
39,15,se,0.32,0.384,1.2
39,16,tˈerminˌe,0.288,0.32,1.1111111111111112
39,17,ɨn,0.288,0.256,0.888888888888889
39,18,kˈip,0.288,0.256,0.888888888888889
39,19,tɾˈadʒik.,0.32,0.352,1.0999999999999999
40,0,aljˈatsʲʲ,0.384,0.384,1.0
40,1,saʊ,0.416,0.544,1.307692307692308
40,2,"duʃmˈanʲʲ,",0.416,0.224,0.5384615384615385
40,3,atʃˌeʃtja,0.384,0.352,0.9166666666666666
40,4,nu,0.416,0.384,0.9230769230769231
40,5,ˌurməɾisˈeɾə,0.416,0.512,1.2307692307692308
40,6,dekˈɨt,0.416,0.384,0.9230769230769231
40,7,pɾopɾˈiɪle,0.384,0.384,1.0
40,8,"ˌinteɾˈese,",0.416,0.448,1.076923076923077
40,9,dˈɨnd,0.416,0.192,0.46153846153846156
40,10,fɾˈyʊl,0.416,0.288,0.6923076923076923
40,11,lˈiber,0.384,0.32,0.8333333333333334
40,12,setˈeɪlor,0.416,0.32,0.7692307692307693
40,13,de,0.416,0.416,1.0
40,14,kˌotɾopˈiɾʲʲ.,0.416,0.448,1.076923076923077
41,0,mˈusa,0.448,0.448,1.0
41,1,rˌəməsˈese,0.448,0.16,0.35714285714285715
41,2,stəpˈɨnul,0.448,0.352,0.7857142857142857
41,3,pˌosesjunʲˈilor,0.448,0.384,0.8571428571428571
41,4,ˌotomˈane,0.448,0.416,0.9285714285714285
41,5,din,0.448,0.448,1.0
41,6,"ˌeuɾˈopa,",0.48,0.544,1.1333333333333335
41,7,jˈar,0.448,0.48,1.0714285714285714
41,8,mehmˈed,0.448,0.384,0.8571428571428571
41,9,al,0.448,0.32,0.7142857142857143
41,10,tʃelor,0.448,0.16,0.35714285714285715
41,11,din,0.448,0.48,1.0714285714285714
41,12,ˈasja,0.448,0.352,0.7857142857142857
41,13,mˈikə.,0.48,0.48,1.0
42,0,dˈupə,0.384,0.544,1.4166666666666667
42,1,apɾˈɔape,0.384,0.416,1.0833333333333333
42,2,dˈouˌə,0.384,0.448,1.1666666666666667
42,3,ˈoɾe,0.384,0.448,1.1666666666666667
42,4,de,0.384,0.416,1.0833333333333333
42,5,ˌɨnvəlməʃˈaɾea,0.384,0.352,0.9166666666666666
42,6,"sˌɨŋdʒeɾˈɔasə,",0.384,0.32,0.8333333333333334
42,7,tˈurtʃiɪ,0.416,0.416,1.0
42,8,se,0.384,0.416,1.0833333333333333
42,9,"retɾasˈeɾə,",0.384,0.288,0.7499999999999999
42,10,ləsˈɨnd,0.384,0.384,1.0
42,11,ɨn,0.384,0.256,0.6666666666666666
42,12,ˈurmə,0.384,0.128,0.3333333333333333
42,13,mˈultsʲʲ,0.384,0.192,0.5
42,14,mˈortsʲʲ.,0.416,0.48,1.153846153846154
43,0,dˌakə,0.416,0.48,1.153846153846154
43,1,mahmˈud,0.448,0.32,0.7142857142857143
43,2,ˌaŋdʒelˈos,0.448,0.32,0.7142857142857143
43,3,ar,0.448,0.224,0.5
43,4,kˌɨʃtiɡˈa,0.448,0.544,1.2142857142857144
43,5,dɾˈaɡostˌea,0.448,0.448,1.0
43,6,"pˌadiʃˈahuluɪ,",0.448,0.544,1.2142857142857144
43,7,mˈulte,0.448,0.352,0.7857142857142857
43,8,lukɾˈurʲ,0.448,0.128,0.2857142857142857
43,9,sar,0.448,0.448,1.0
43,10,skimbˈa,0.448,0.512,1.1428571428571428
43,11,ɨn,0.448,0.416,0.9285714285714285
43,12,bˈine.,0.448,0.48,1.0714285714285714
44,0,ˌaɡopjˈan,0.288,0.32,1.1111111111111112
44,1,ɨl,0.32,0.32,1.0
44,2,pɾimˈise,0.32,0.384,1.2
44,3,ku,0.32,0.32,1.0
44,4,bˌunəvoˈintsə,0.288,0.288,1.0
44,5,pe,0.32,0.384,1.2
44,6,tˈɨnərul,0.32,0.16,0.5
44,7,"refudʒjˈat,",0.32,0.224,0.7
44,8,ˌaŋɡaʒˈɨndul,0.288,0.128,0.4444444444444445
44,9,bəjˈat,0.32,0.32,1.0
44,10,de,0.32,0.256,0.8
44,11,pɾˌəvəlˈiʲe,0.32,0.224,0.7
44,12,pe,0.288,0.064,0.22222222222222224
44,13,lˈɨŋɡə,0.32,0.224,0.7
44,14,tʃˌeilˈaltsʲʲ,0.32,0.288,0.8999999999999999
44,15,"dˈoj,",0.32,0.32,1.0
44,16,aflˈatsʲʲ,0.288,0.224,0.7777777777777779
44,17,deʒˈa,0.32,0.352,1.0999999999999999
44,18,ɨn,0.32,0.448,1.4
44,19,servˈitʃjul,0.32,0.384,1.2
44,20,sˈəʊ.,0.32,0.384,1.2
45,0,se,0.288,0.384,1.3333333333333335
45,1,pɾˌeɡətˈise,0.288,0.416,1.4444444444444444
45,2,sˌufletˈeʃte,0.288,0.352,1.2222222222222223
45,3,spɾˈe,0.288,0.288,1.0
45,4,a,0.288,0.288,1.0
45,5,ʒˈerfʲʲ,0.32,0.288,0.8999999999999999
45,6,"vjˈatsa,",0.288,0.352,1.2222222222222223
45,7,dar,0.288,0.16,0.5555555555555556
45,8,tˈotul,0.288,0.128,0.4444444444444445
45,9,se,0.288,0.32,1.1111111111111112
45,10,tˌerminˈase,0.32,0.352,1.0999999999999999
45,11,fˈərə,0.288,0.256,0.888888888888889
45,12,ka,0.288,0.288,1.0
45,13,vɾeˈunul,0.288,0.384,1.3333333333333335
45,14,din,0.288,0.32,1.1111111111111112
45,15,soldˈatsʲʲ,0.288,0.192,0.6666666666666667
45,16,sə,0.32,0.256,0.8
45,17,vˈi,0.288,0.128,0.4444444444444445
45,18,pˌartitʃipˈa,0.288,0.32,1.1111111111111112
45,19,diɾˈekt,0.288,0.352,1.2222222222222223
45,20,la,0.288,0.256,0.888888888888889
45,21,aktsjˈune.,0.32,0.32,1.0
46,0,manwˈel,0.352,0.384,1.090909090909091
46,1,se,0.384,0.384,1.0
46,2,temˈea,0.384,0.352,0.9166666666666666
46,3,ˈɨnsə,0.352,0.32,0.9090909090909092
46,4,de,0.384,0.384,1.0
46,5,ˌeksidʒentsˈele,0.384,0.352,0.9166666666666666
46,6,vˌenetsjenʲˈilor,0.352,0.352,1.0
46,7,ʃi,0.384,0.384,1.0
46,8,ale,0.384,0.416,1.0833333333333333
46,9,"dʒˌenovezʲˈilor,",0.352,0.352,1.0
46,10,tˈotsʲʲ,0.384,0.352,0.9166666666666666
46,11,de,0.384,0.352,0.9166666666666666
46,12,o,0.352,0.224,0.6363636363636365
46,13,ləkˈomje,0.384,0.288,0.7499999999999999
46,14,fˈərə,0.384,0.288,0.7499999999999999
46,15,mˈardʒinʲˌʲ.,0.384,0.448,1.1666666666666667
47,0,pɾˌefəkˈɨnduse,0.352,0.416,1.1818181818181819
47,1,"pɾjˌetenˈos,",0.384,0.384,1.0
47,2,se,0.384,0.352,0.9166666666666666
47,3,ˌapɾopjˈase,0.384,0.032,0.08333333333333333
47,4,de,0.384,0.352,0.9166666666666666
47,5,sultˈan,0.384,0.448,1.1666666666666667
47,6,ʃi,0.384,0.256,0.6666666666666666
47,7,ku,0.384,0.288,0.7499999999999999
47,8,un,0.352,0.384,1.090909090909091
47,9,dʒˈest,0.384,0.288,0.7499999999999999
47,10,fˌuldʒeɾətˈor,0.384,0.384,1.0
47,11,ˌɨiʲ,0.384,0.192,0.5
47,12,ˌɨnfisˈese,0.384,0.352,0.9166666666666666
47,13,ʒuŋɡˈerul,0.384,0.384,1.0
47,14,ɨn,0.384,0.384,1.0
47,15,pˈɨntetʃˌe.,0.384,0.48,1.25
0,0,sə,0.416,0.48,1.153846153846154
0,1,fˈi,0.416,0.416,1.0
0,2,fost,0.416,0.544,1.307692307692308
0,3,ˈɔaɾe,0.416,0.096,0.23076923076923078
0,4,din,0.416,0.448,1.076923076923077
0,5,kaˈuza,0.416,0.256,0.6153846153846154
0,6,"jˈeɪ,",0.416,0.128,0.3076923076923077
0,7,atˈɨt,0.416,0.288,0.6923076923076923
0,8,de,0.416,0.352,0.8461538461538461
0,9,"stɾˈanje,",0.416,0.48,1.153846153846154
0,10,ˌɨndəɾətnˈikə,0.416,0.384,0.9230769230769231
0,11,ʃi,0.416,0.352,0.8461538461538461
0,12,tˌotodˈatə,0.416,0.384,0.9230769230769231
0,13,"rˌafinˈatə,",0.416,0.384,0.9230769230769231
0,14,"sˌofistikˈatə,",0.416,0.352,0.8461538461538461
0,15,dar,0.416,0.384,0.9230769230769231
0,16,ʃiʲ,0.416,0.416,1.0
0,17,ˌanimalˈikə?,0.416,0.448,1.076923076923077
1,0,ne,0.352,0.448,1.272727272727273
1,1,"aʃtˈeaptə.""",0.352,0.32,0.9090909090909092
1,2,kɨnd,0.352,0.288,0.8181818181818181
1,3,pˌətɾunsˈeɾə,0.352,0.384,1.090909090909091
1,4,ɨn,0.352,0.352,1.0
1,5,"sˈalə,",0.352,0.288,0.8181818181818181
1,6,tˈotsʲʲ,0.384,0.352,0.9166666666666666
1,7,mˈembɾiɪ,0.352,0.32,0.9090909090909092
1,8,pˌersonˈaluluɪ,0.352,0.352,1.0
1,9,jeɾˌaʊ,0.352,0.512,1.4545454545454546
1,10,ˌalinjˈatsʲʲ,0.352,0.352,1.0
1,11,pe,0.352,0.288,0.8181818181818181
1,12,dˈouˌə,0.352,0.32,0.9090909090909092
1,13,rɨndˈurʲ,0.384,0.256,0.6666666666666666
1,14,ʃi,0.352,0.096,0.27272727272727276
1,15,se,0.352,0.224,0.6363636363636365
1,16,ˌɨnklinˈaɾə,0.352,0.384,1.090909090909091
1,17,ɨn,0.352,0.32,0.9090909090909092
1,18,fˈatsa,0.352,0.352,1.0
1,19,lˈor.,0.384,0.352,0.9166666666666666
2,0,nu,0.384,0.352,0.9166666666666666
2,1,kˌoɾespˈunde,0.416,0.416,1.0
2,2,delˈok,0.416,0.352,0.8461538461538461
2,3,ku,0.416,0.352,0.8461538461538461
2,4,pˌortɾetˈele,0.416,0.32,0.7692307692307693
2,5,ˌobiʃnwˈite,0.416,0.384,0.9230769230769231
2,6,ale,0.416,0.448,1.076923076923077
2,7,hotsʲˈilor,0.416,0.416,1.0
2,8,ʃi,0.416,0.352,0.8461538461538461
2,9,ale,0.416,0.288,0.6923076923076923
2,10,altˈor,0.416,0.16,0.38461538461538464
2,11,spˌərɡətˈoɾʲʲ,0.416,0.288,0.6923076923076923
2,12,kˌaɾe,0.416,0.416,1.0
2,13,fˈak,0.416,0.448,1.076923076923077
2,14,ˌakɾobˈatsje,0.416,0.384,0.9230769230769231
2,15,la,0.416,0.416,1.0
2,16,ˌɨnəltsˈime.,0.416,0.448,1.076923076923077
3,0,nu,0.256,0.224,0.875
3,1,se,0.288,0.288,1.0
3,2,ɡɨndˈea,0.256,0.224,0.875
3,3,la,0.288,0.192,0.6666666666666667
3,4,kˈɨt,0.288,0.288,1.0
3,5,de,0.256,0.256,1.0
3,6,ʒenˈantə,0.288,0.256,0.888888888888889
3,7,putˌea,0.256,0.288,1.125
3,8,fˈi,0.288,0.32,1.1111111111111112
3,9,sitwˈatsja,0.288,0.256,0.888888888888889
3,10,pˌentɾu,0.256,0.256,1.0
3,11,odˈet.,0.288,0.416,1.4444444444444444
3,12,"atʃˈeasta,",0.288,0.224,0.7777777777777779
3,13,fɾekˈɨnduʃʲ,0.256,0.256,1.0
3,14,"mˈyɪnʲʲ,",0.288,0.256,0.888888888888889
3,15,myɪnʲˈile,0.256,0.256,1.0
3,16,"ˌɨnkurkˈatə,",0.288,0.32,1.1111111111111112
3,17,nu,0.288,0.128,0.4444444444444445
3,18,ɨntɾˈəsnea,0.256,0.096,0.375
3,19,səɪ,0.288,0.288,1.0
3,20,vorbˈeaskə,0.256,0.064,0.25
3,21,dˈespɾe,0.288,0.288,1.0
3,22,tʃe,0.288,0.32,1.1111111111111112
3,23,o,0.256,0.256,1.0
3,24,sə,0.288,0.256,0.888888888888889
3,25,kəjˈa.,0.288,0.288,1.0
4,0,"jˈartəmə,",0.288,0.32,1.1111111111111112
4,1,am,0.288,0.416,1.4444444444444444
4,2,spˈus,0.288,0.224,0.7777777777777779
4,3,psihjˈatrul,0.288,0.16,0.5555555555555556
4,4,təʊ,0.288,0.288,1.0
4,5,kɨnd,0.288,0.288,1.0
4,6,de,0.288,0.224,0.7777777777777779
4,7,fˈapt,0.288,0.288,1.0
4,8,ar,0.288,0.352,1.2222222222222223
4,9,fˈi,0.288,0.384,1.3333333333333335
4,10,tɾebwˈit,0.288,0.32,1.1111111111111112
4,11,sə,0.288,0.128,0.4444444444444445
4,12,spˈun,0.288,0.192,0.6666666666666667
4,13,psihjˈatrul,0.288,0.32,1.1111111111111112
4,14,"nˈostɾu,",0.288,0.288,1.0
4,15,din,0.288,0.288,1.0
4,16,momˈent,0.288,0.288,1.0
4,17,tʃe,0.288,0.128,0.4444444444444445
4,18,neam,0.288,0.192,0.6666666666666667
4,19,dˈus,0.288,0.288,1.0
4,20,la,0.288,0.352,1.2222222222222223
4,21,jel,0.288,0.256,0.888888888888889
4,22,ˈan,0.288,0.192,0.6666666666666667
4,23,la,0.288,0.256,0.888888888888889
4,24,rˈɨnd.,0.288,0.288,1.0
5,0,odˈil,0.288,0.32,1.1111111111111112
5,1,fətʃˈea,0.32,0.256,0.8
5,2,ˌefortˈurʲ,0.32,0.224,0.7
5,3,sə,0.32,0.288,0.8999999999999999
5,4,sustsˈinə,0.32,0.32,1.0
5,5,"kˌonversˈatsja,",0.32,0.32,1.0
5,6,deʃʲˈi,0.32,0.288,0.8999999999999999
5,7,mˈintea,0.32,0.32,1.0
5,8,jeɪ,0.288,0.224,0.7777777777777779
5,9,nu,0.32,0.256,0.8
5,10,se,0.32,0.32,1.0
5,11,putˌea,0.32,0.352,1.0999999999999999
5,12,ɨmpjˈedikˌa,0.32,0.32,1.0
5,13,səɪ,0.32,0.384,1.2
5,14,aɾˈasnə,0.32,0.256,0.8
5,15,ɨn,0.32,0.288,0.8999999999999999
5,16,afˈaɾa,0.288,0.256,0.888888888888889
5,17,fɾazˈelor,0.32,0.352,1.0999999999999999
5,18,pe,0.32,0.288,0.8999999999999999
5,19,kˌaɾe,0.32,0.288,0.8999999999999999
5,20,le,0.32,0.352,1.0999999999999999
5,21,skimbˈaʊ,0.32,0.352,1.0999999999999999
5,22,ˈɨntɾe,0.32,0.32,1.0
5,23,jˈeɪ.,0.32,0.352,1.0999999999999999
6,0,am,0.224,0.8,3.5714285714285716
6,1,pɾˌetekstˈat,0.224,0.224,1.0
6,2,kə,0.256,0.32,1.25
6,3,ˌɨmʲʲ,0.224,0.256,1.1428571428571428
6,4,maɪ,0.256,0.288,1.125
6,5,tɾˈebwiʲˌe,0.224,0.288,1.2857142857142856
6,6,nˌiʃte,0.256,0.224,0.875
6,7,zˈahər,0.224,0.256,1.1428571428571428
6,8,ka,0.224,0.192,0.8571428571428571
6,9,sə,0.256,0.256,1.0
6,10,mə,0.224,0.288,1.2857142857142856
6,11,"adʒˈit,",0.256,0.256,1.0
6,12,sə,0.224,0.192,0.8571428571428571
6,13,mə,0.256,0.256,1.0
6,14,skˈol,0.224,0.16,0.7142857142857143
6,15,de,0.256,0.032,0.125
6,16,pe,0.224,0.032,0.14285714285714285
6,17,"skˈaʊn,",0.224,0.128,0.5714285714285714
6,18,sə,0.256,0.288,1.125
6,19,fˈak,0.224,0.096,0.42857142857142855
6,20,kɨtsˌʲva,0.256,0.288,1.125
6,21,pˈaʃʲʲ,0.224,0.224,1.0
6,22,pɾˈets,0.256,0.256,1.0
6,23,de,0.224,0.256,1.1428571428571428
6,24,kˌɨtevˈa,0.224,0.224,1.0
6,25,"sekˈunde,",0.256,0.032,0.125
6,26,apˈoj,0.224,0.064,0.2857142857142857
6,27,sə,0.256,0.224,0.875
6,28,mə,0.224,0.256,1.1428571428571428
6,29,aʃˈez,0.256,0.256,1.0
6,30,la,0.224,0.224,1.0
6,31,lˈok.,0.256,0.352,1.375
7,0,dˈupə,0.352,0.448,1.272727272727273
7,1,o,0.384,0.288,0.7499999999999999
7,2,"ˈorə,",0.384,0.064,0.16666666666666666
7,3,kˌonstatˈɨnd,0.352,0.32,0.9090909090909092
7,4,kə,0.384,0.288,0.7499999999999999
7,5,ˌipotezˈele,0.384,0.384,1.0
7,6,jeɪ,0.352,0.384,1.090909090909091
7,7,nu,0.384,0.384,1.0
7,8,ˌaʊʒuŋdʒˈeaw,0.384,0.384,1.0
7,9,"nˌikəjˈeɾʲʲ,",0.384,0.288,0.7499999999999999
7,10,ridˈikə,0.352,0.192,0.5454545454545455
7,11,retʃeptˈorul,0.384,0.32,0.8333333333333334
7,12,ʃi,0.384,0.352,0.9166666666666666
7,13,hˌotəɾˈɨsə,0.352,0.32,0.9090909090909092
7,14,kˈemea,0.384,0.448,1.1666666666666667
7,15,a,0.384,0.416,1.0833333333333333
7,16,dˈoʊa,0.352,0.512,1.4545454545454546
7,17,zˈiʲ,0.384,0.224,0.5833333333333334
7,18,un,0.384,0.32,0.8333333333333334
7,19,lˌəkətˈuʃ.,0.384,0.416,1.0833333333333333
8,0,tʃel,0.416,0.48,1.153846153846154
8,1,kˌaɾe,0.416,0.32,0.7692307692307693
8,2,jeɾˌa,0.416,0.512,1.2307692307692308
8,3,mˈetr,0.416,0.352,0.8461538461538461
8,4,de,0.416,0.16,0.38461538461538464
8,5,"hotˈel,",0.416,0.352,0.8461538461538461
8,6,ˈi,0.416,0.32,0.7692307692307693
8,7,se,0.416,0.448,1.076923076923077
8,8,adɾˈesə,0.416,0.384,0.9230769230769231
8,9,tˈineɾˌeɪ,0.416,0.32,0.7692307692307693
8,10,femˈeɪ,0.416,0.416,1.0
8,11,ku,0.416,0.384,0.9230769230769231
8,12,o,0.416,0.352,0.8461538461538461
8,13,kurtˈɔazje,0.416,0.416,1.0
8,14,"ˌekstʃesˈivə,",0.416,0.32,0.7692307692307693
8,15,numˈindo,0.416,0.384,0.9230769230769231
8,16,pɾintsˈesə.,0.448,0.384,0.8571428571428571
9,0,de,0.288,0.288,1.0
9,1,fjekˈaɾe,0.288,0.32,1.1111111111111112
9,2,dˈatə,0.288,0.32,1.1111111111111112
9,3,kɨnd,0.32,0.352,1.0999999999999999
9,4,se,0.288,0.288,1.0
9,5,ɡɨndˈea,0.288,0.288,1.0
9,6,sə,0.288,0.32,1.1111111111111112
9,7,se,0.32,0.288,0.8999999999999999
9,8,refudʒjˈeze,0.288,0.288,1.0
9,9,la,0.288,0.32,1.1111111111111112
9,10,tʃˌinevˈa,0.288,0.256,0.888888888888889
9,11,"akˈasə,",0.32,0.128,0.4
9,12,se,0.288,0.096,0.33333333333333337
9,13,ləsˈa,0.288,0.256,0.888888888888889
9,14,pˌəɡubˈaʃʲʲ,0.288,0.288,1.0
9,15,la,0.32,0.224,0.7
9,16,idˈeea,0.288,0.224,0.7777777777777779
9,17,kə,0.288,0.224,0.7777777777777779
9,18,va,0.288,0.256,0.888888888888889
9,19,fˈi,0.32,0.288,0.8999999999999999
9,20,nˌevoˈit,0.288,0.352,1.2222222222222223
9,21,sə,0.288,0.256,0.888888888888889
9,22,dˈə,0.288,0.256,0.888888888888889
9,23,ˌeksplikˈatsiɪ.,0.32,0.32,1.0
10,0,ja,0.384,0.48,1.25
10,1,ɨnkˈise,0.384,0.64,1.6666666666666667
10,2,ˈuʃa,0.384,0.224,0.5833333333333334
10,3,"ʃi,",0.384,0.128,0.3333333333333333
10,4,dˌespɾinzˈɨnduʃʲ,0.384,0.32,0.8333333333333334
10,5,eʃˈarfa,0.384,0.32,0.8333333333333334
10,6,kˌaɾe,0.384,0.288,0.7499999999999999
10,7,ˌɨiʲ,0.384,0.288,0.7499999999999999
10,8,ˌɨnkonʒˈuɾa,0.416,0.512,1.2307692307692308
10,9,"ɡˈɨtul,",0.384,0.384,1.0
10,10,ˌɨi,0.384,0.384,1.0
10,11,dədˈu,0.384,0.352,0.9166666666666666
10,12,de,0.384,0.256,0.6666666666666666
10,13,ˌɨntselˈes,0.384,0.416,1.0833333333333333
10,14,kə,0.384,0.32,0.8333333333333334
10,15,ˌɨi,0.384,0.064,0.16666666666666666
10,16,se,0.384,0.384,1.0
10,17,dˌəɾujˈa.,0.416,0.448,1.076923076923077
11,0,"""dˈa.""",0.384,0.352,0.9166666666666666
11,1,"""dar",0.384,0.096,0.25
11,2,maɪ,0.384,0.256,0.6666666666666666
11,3,"rˈepedˌe,",0.384,0.448,1.1666666666666667
11,4,və,0.384,0.48,1.25
11,5,"rˈoɡ,",0.384,0.672,1.75
11,6,kɨnd,0.384,0.384,1.0
11,7,mi,0.384,0.352,0.9166666666666666
11,8,se,0.384,0.32,0.8333333333333334
11,9,lˈasə,0.384,0.064,0.16666666666666666
11,10,"ˌalbuʃˈurile.""",0.384,0.384,1.0
11,11,apˈukə,0.384,0.096,0.25
11,12,tʃˈeanta,0.384,0.128,0.3333333333333333
11,13,de,0.384,0.32,0.8333333333333334
11,14,vojˈa,0.384,0.448,1.1666666666666667
11,15,ʃil,0.384,0.384,1.0
11,16,tɾˈase,0.384,0.48,1.25
11,17,pe,0.384,0.416,1.0833333333333333
11,18,bˌaltazˈar,0.384,0.416,1.0833333333333333
11,19,ˌɨnəˈuntɾu.,0.416,0.416,1.0
12,0,pɾˈintsul,0.448,1.056,2.357142857142857
12,1,leokˈadjo,0.48,0.48,1.0
12,2,ˌɨi,0.448,0.288,0.6428571428571428
12,3,pˌermisˈese,0.48,0.288,0.6
12,4,sə,0.48,0.448,0.9333333333333333
12,5,kˈapetˌe,0.448,0.512,1.1428571428571428
12,6,un,0.48,0.448,0.9333333333333333
12,7,rˈol,0.48,0.512,1.0666666666666667
12,8,ˈɨntrun,0.448,0.48,1.0714285714285714
12,9,seɾjˈal,0.48,0.608,1.2666666666666666
12,10,"fɾˈankodʒermˈanoˌitaljˈan,",0.448,0.32,0.7142857142857143
12,11,tʃel,0.48,0.064,0.13333333333333333
12,12,al,0.48,0.352,0.7333333333333333
12,13,ˌunuɪ,0.448,0.384,0.8571428571428571
12,14,mˌiljardˈar,0.48,0.48,1.0
12,15,ˌintelidʒˈent.,0.48,0.576,1.2
13,0,atˈuntʃʲ,0.32,0.416,1.2999999999999998
13,1,kɨnd,0.32,0.288,0.8999999999999999
13,2,fˈiksa,0.32,0.224,0.7
13,3,butˈonul,0.352,0.352,1.0
13,4,de,0.32,0.288,0.8999999999999999
13,5,reɡlˈaɾe,0.32,0.32,1.0
13,6,la,0.352,0.32,0.9090909090909092
13,7,dˌouəzˈetʃʲ,0.32,0.288,0.8999999999999999
13,8,de,0.32,0.352,1.0999999999999999
13,9,"ɡɾˈade,",0.352,0.256,0.7272727272727273
13,10,ɨl,0.32,0.32,1.0
13,11,deskˈopeɾˌea,0.32,0.384,1.2
13,12,dˈupə,0.32,0.352,1.0999999999999999
13,13,tʃe,0.352,0.384,1.090909090909091
13,14,sˌufeɾˈise,0.32,0.352,1.0999999999999999
13,15,kˌɨtevˈa,0.32,0.352,1.0999999999999999
13,16,ˈoɾe,0.352,0.32,0.9090909090909092
13,17,bˈune,0.32,0.128,0.4
13,18,pˈus,0.32,0.032,0.1
13,19,la,0.352,0.32,0.9090909090909092
13,20,tɾeɪzˈetʃʲ,0.32,0.192,0.6
13,21,de,0.32,0.192,0.6
13,22,ɡɾˈade.,0.352,0.48,1.3636363636363638
14,0,odʲˈile,0.352,0.416,1.1818181818181819
14,1,nu,0.384,0.384,1.0
14,2,sˈimtsʲʲ,0.384,0.352,0.9166666666666666
14,3,nevˈoɪa,0.384,0.48,1.25
14,4,səl,0.384,0.384,1.0
14,5,kˈime,0.384,0.416,1.0833333333333333
14,6,din,0.384,0.288,0.7499999999999999
14,7,nˈoʊ,0.384,0.16,0.4166666666666667
14,8,pe,0.384,0.352,0.9166666666666666
14,9,"meʃtˈer,",0.384,0.288,0.7499999999999999
14,10,kˈətʃʲ,0.384,0.416,1.0833333333333333
14,11,pɾˌitʃepˈuse,0.384,0.288,0.7499999999999999
14,12,tʃˈine,0.384,0.352,0.9166666666666666
14,13,jeɾˌa,0.384,0.384,1.0
14,14,la,0.384,0.096,0.25
14,15,oɾˈidʒinˌea,0.384,0.288,0.7499999999999999
14,16,atʃˌestor,0.384,0.416,1.0833333333333333
14,17,dˌisfunktsjˌonalitˈətsʲʲ.,0.384,0.32,0.8333333333333334
15,0,ku,0.448,0.032,0.07142857142857142
15,1,tˈɔate,0.48,0.512,1.0666666666666667
15,2,"ˈastea,",0.48,0.48,1.0
15,3,nˌitʃunˌa,0.48,0.096,0.2
15,4,din,0.48,0.416,0.8666666666666667
15,5,atʃˌele,0.448,0.416,0.9285714285714285
15,6,tˈaɾe,0.48,0.352,0.7333333333333333
15,7,nu,0.48,0.064,0.13333333333333333
15,8,ʒustˈifikˌa,0.48,0.224,0.4666666666666667
15,9,o,0.48,0.48,1.0
15,10,sˌuspendˈaɾe,0.448,0.416,0.9285714285714285
15,11,ˌimedjˈatə,0.48,0.544,1.1333333333333335
15,12,a,0.48,0.576,1.2
15,13,relatsˈiʲeɪ,0.48,0.48,1.0
15,14,lˈor.,0.48,0.48,1.0
16,0,ɨn,0.416,0.256,0.6153846153846154
16,1,tˈimp,0.448,0.096,0.21428571428571427
16,2,tʃe,0.416,0.448,1.076923076923077
16,3,stətˈea,0.448,0.416,0.9285714285714285
16,4,la,0.448,0.416,0.9285714285714285
16,5,bəˈut,0.416,0.448,1.076923076923077
16,6,ˌɨmpɾeˈunə,0.448,0.448,1.0
16,7,ku,0.448,0.32,0.7142857142857143
16,8,redʒˈiɪ,0.416,0.416,1.0
16,9,ɨn,0.448,0.352,0.7857142857142857
16,10,tˈabəɾˌə,0.448,0.448,1.0
16,11,ʃi,0.416,0.32,0.7692307692307693
16,12,lea,0.448,0.448,1.0
16,13,spˈus,0.448,0.384,0.8571428571428571
16,14,slˌuʒitoɾʲˈilor,0.416,0.192,0.46153846153846156
16,15,"sˈəɪ,",0.448,0.544,1.2142857142857144
16,16,pɾˌeɡətˈitsʲivə!,0.448,0.448,1.0
17,0,dˈomnul,0.352,0.352,1.0
17,1,ˈiʲa,0.384,0.384,1.0
17,2,"rəspˈuns,",0.352,0.384,1.090909090909091
17,3,sə,0.384,0.192,0.5
17,4,jˈeɪ,0.384,0.032,0.08333333333333333
17,5,o,0.352,0.288,0.8181818181818181
17,6,ʒunkˈanə,0.384,0.32,0.8333333333333334
17,7,ku,0.384,0.32,0.8333333333333334
17,8,tˈine,0.352,0.352,1.0
17,9,ʃi,0.384,0.032,0.08333333333333333
17,10,sə,0.352,0.192,0.5454545454545455
17,11,"zˈitʃʲ,",0.384,0.32,0.8333333333333334
17,12,am,0.384,0.032,0.08333333333333333
17,13,venˈit,0.352,0.32,0.9090909090909092
17,14,sə,0.384,1.248,3.25
17,15,adˈuk,0.384,0.288,0.7499999999999999
17,16,dˈomnuluɪ,0.352,0.256,0.7272727272727273
17,17,o,0.384,0.32,0.8333333333333334
17,18,ʒˈertfə.,0.384,0.32,0.8333333333333334
18,0,pˌentɾu,0.384,0.096,0.25
18,1,kə,0.416,0.064,0.15384615384615385
18,2,jaɪ,0.416,0.608,1.4615384615384617
18,3,"pˌedepsˈit,",0.416,0.288,0.6923076923076923
18,4,askˈultə,0.416,0.512,1.2307692307692308
18,5,din,0.416,0.512,1.2307692307692308
18,6,tʃeɾˈurʲ,0.384,0.384,1.0
18,7,ʃi,0.416,0.16,0.38461538461538464
18,8,jˈartə,0.416,0.416,1.0
18,9,pəkˈatul,0.416,0.448,1.076923076923077
18,10,slˌuʒitoɾʲˈilor,0.416,0.384,0.9230769230769231
18,11,təɪ,0.416,0.384,0.9230769230769231
18,12,ʃi,0.384,0.32,0.8333333333333334
18,13,al,0.416,0.288,0.6923076923076923
18,14,popˈoruluɪ,0.416,0.416,1.0
18,15,"tˈəʊ,",0.416,0.704,1.6923076923076923
18,16,"ˌisɾaˈel,",0.416,0.64,1.5384615384615385
18,17,tʃˈinzetʃʲʃiʃˈapte.,0.416,0.32,0.7692307692307693
19,0,la,0.384,0.384,1.0
19,1,poɾˈunka,0.384,0.352,0.9166666666666666
19,2,"rˈedʒeluɪ,",0.416,0.352,0.8461538461538461
19,3,jeɪ,0.384,0.128,0.3333333333333333
19,4,aʊ,0.416,0.32,0.7692307692307693
19,5,adˈus,0.384,0.32,0.8333333333333334
19,6,pjˈetɾe,0.416,0.416,1.0
19,7,"mˈaɾʲʲ,",0.384,0.288,0.7499999999999999
19,8,pjˈetɾe,0.416,0.256,0.6153846153846154
19,9,"skˈumpe,",0.384,0.256,0.6666666666666666
19,10,ka,0.416,0.352,0.8461538461538461
19,11,sə,0.384,0.32,0.8333333333333334
19,12,fˈakə,0.416,0.416,1.0
19,13,temˈelje,0.384,0.416,1.0833333333333333
19,14,a,0.416,0.384,0.9230769230769231
19,15,kˈaseɪ,0.384,0.416,1.0833333333333333
19,16,din,0.416,0.416,1.0
19,17,pjˈetɾe,0.384,0.416,1.0833333333333333
19,18,tʃoplˈite.,0.416,0.448,1.076923076923077
20,0,tˈotsʲʲ,0.32,0.32,1.0
20,1,dˌomnitˈoɾiɪ,0.32,0.32,1.0
20,2,fˌilistenʲˈilor,0.32,0.32,1.0
20,3,jeɾˌaʊ,0.352,0.288,0.8181818181818181
20,4,"akˈolo,",0.32,0.288,0.8999999999999999
20,5,jˈar,0.32,0.288,0.8999999999999999
20,6,pe,0.32,0.288,0.8999999999999999
20,7,ˌakopeɾˈiʃ,0.352,0.256,0.7272727272727273
20,8,jeɾˌaʊ,0.32,0.32,1.0
20,9,apɾˈɔape,0.32,0.32,1.0
20,10,tɾˈeɪ,0.352,0.288,0.8181818181818181
20,11,mˈiɪ,0.32,0.192,0.6
20,12,de,0.32,0.32,1.0
20,13,bərbˈatsʲʲ,0.32,0.288,0.8999999999999999
20,14,ʃi,0.352,0.288,0.8181818181818181
20,15,de,0.32,0.352,1.0999999999999999
20,16,femˈeɪ,0.32,0.32,1.0
20,17,kˌaɾe,0.32,0.256,0.8
20,18,ɨl,0.352,0.288,0.8181818181818181
20,19,pɾivˈeaw,0.32,0.256,0.8
20,20,pe,0.32,0.224,0.7
20,21,samsˈon.,0.352,0.544,1.5454545454545456
21,0,zifˈitsiɪ,0.384,0.352,0.9166666666666666
21,1,aʊ,0.416,0.352,0.8461538461538461
21,2,venˈit,0.416,0.448,1.076923076923077
21,3,la,0.384,0.32,0.8333333333333334
21,4,sˈaʊl,0.416,0.288,0.6923076923076923
21,5,la,0.416,0.32,0.7692307692307693
21,6,dʒˈiva,0.384,0.096,0.25
21,7,ʃiʲ,0.416,0.224,0.5384615384615385
21,8,ˈiʲaʊ,0.416,0.448,1.076923076923077
21,9,"zˈis,",0.416,0.352,0.8461538461538461
21,10,dˈavid,0.384,0.032,0.08333333333333333
21,11,se,0.416,0.448,1.076923076923077
21,12,askˈunde,0.416,0.448,1.076923076923077
21,13,pe,0.384,0.416,1.0833333333333333
21,14,dˈealul,0.416,0.384,0.9230769230769231
21,15,"hakˈila,",0.416,0.384,0.9230769230769231
21,16,la,0.384,0.384,1.0
21,17,sˈud,0.416,0.48,1.153846153846154
21,18,de,0.416,0.384,0.9230769230769231
21,19,jˌesimˈon.,0.416,0.544,1.307692307692308
22,0,levˈitsiɪ,0.48,0.544,1.1333333333333335
22,1,dˌomolˈeaw,0.512,0.512,1.0
22,2,popˈorul,0.512,0.512,1.0
22,3,"zikˈɨnd,",0.512,0.48,0.9375
22,4,"lˈiniʃtˌe,",0.512,0.32,0.625
22,5,kˈətʃʲ,0.512,0.448,0.875
22,6,atʃˌeasta,0.512,0.544,1.0625
22,7,jˌeste,0.48,0.48,1.0
22,8,o,0.512,0.512,1.0
22,9,zˈi,0.512,0.416,0.8125
22,10,"sfˈɨntə,",0.512,0.384,0.75
22,11,nu,0.512,0.128,0.25
22,12,və,0.512,0.352,0.6875
22,13,ˌɨntɾistˈatsʲʲ.,0.512,0.48,0.9375
23,0,jel,0.384,0.352,0.9166666666666666
23,1,lea,0.384,0.416,1.0833333333333333
23,2,"zˈis,",0.384,0.192,0.5
23,3,din,0.384,0.352,0.9166666666666666
23,4,tʃel,0.384,0.416,1.0833333333333333
23,5,tʃe,0.384,0.384,1.0
23,6,mənˈɨnkə,0.384,0.544,1.4166666666666667
23,7,a,0.384,0.256,0.6666666666666666
23,8,jeʃˈit,0.384,0.128,0.3333333333333333
23,9,tʃe,0.384,0.16,0.4166666666666667
23,10,se,0.384,0.288,0.7499999999999999
23,11,mənˈɨnkə,0.384,0.032,0.08333333333333333
23,12,ʃi,0.384,0.384,1.0
23,13,din,0.384,0.416,1.0833333333333333
23,14,tʃel,0.384,0.704,1.8333333333333333
23,15,putˈernik,0.384,0.32,0.8333333333333334
23,16,a,0.384,0.224,0.5833333333333334
23,17,jeʃˈit,0.384,0.064,0.16666666666666666
23,18,dultʃˈeatsə.,0.384,0.416,1.0833333333333333
24,0,adˈutsʲʲ,0.416,0.448,1.076923076923077
24,1,amˈinte,0.416,0.32,0.7692307692307693
24,2,de,0.416,0.352,0.8461538461538461
24,3,mˈine,0.448,0.416,0.9285714285714285
24,4,ʃi,0.416,0.384,0.9230769230769231
24,5,pˌentɾu,0.416,0.576,1.3846153846153846
24,6,"atʃˈeasta,",0.448,0.448,1.0
24,7,dˌumnezˈeul,0.416,0.416,1.0
24,8,"mˈeu,",0.416,0.256,0.6153846153846154
24,9,ʃiʲ,0.416,0.32,0.7692307692307693
24,10,ɨndˈuɾəte,0.448,0.448,1.0
24,11,de,0.416,0.32,0.7692307692307693
24,12,mˈine,0.416,0.192,0.46153846153846156
24,13,dˈupə,0.448,0.192,0.42857142857142855
24,14,mˈaɾea,0.416,0.256,0.6153846153846154
24,15,ta,0.416,0.32,0.7692307692307693
24,16,ˌɨnduɾˈaɾe.,0.448,0.416,0.9285714285714285
25,0,pˈɨnə,0.384,0.32,0.8333333333333334
25,1,ɨn,0.384,0.416,1.0833333333333333
25,2,zˈiwa,0.384,0.384,1.0
25,3,"atʃˈeasta,",0.384,0.224,0.5833333333333334
25,4,kopˈiji,0.384,0.256,0.6666666666666666
25,5,lor,0.384,0.288,0.7499999999999999
25,6,ʃi,0.384,0.256,0.6666666666666666
25,7,kopˈiji,0.384,0.288,0.7499999999999999
25,8,kopˈiɪlor,0.416,0.32,0.7692307692307693
25,9,lor,0.384,0.256,0.6666666666666666
25,10,fˈak,0.384,0.128,0.3333333333333333
25,11,tʃˌeea,0.384,0.256,0.6666666666666666
25,12,tʃe,0.384,0.576,1.4999999999999998
25,13,aʊ,0.384,0.384,1.0
25,14,fəkˈut,0.384,0.384,1.0
25,15,ʃi,0.384,0.352,0.9166666666666666
25,16,stɾəmˈoʃiɪ,0.384,0.384,1.0
25,17,lˈor.,0.416,0.448,1.076923076923077
26,0,ʃˈase,0.352,0.416,1.1818181818181819
26,1,dar,0.384,0.768,2.0
26,2,atʃˌesta,0.352,0.64,1.8181818181818183
26,3,ˈiʲa,0.384,0.224,0.5833333333333334
26,4,"zˈis,",0.384,0.32,0.8333333333333334
26,5,"jˈatə,",0.352,0.032,0.09090909090909091
26,6,ɨn,0.384,0.064,0.16666666666666666
26,7,tʃetˈatea,0.384,0.32,0.8333333333333334
26,8,atʃˌeasta,0.352,0.352,1.0
26,9,se,0.384,0.416,1.0833333333333333
26,10,ˈaflə,0.352,0.32,0.9090909090909092
26,11,un,0.384,0.256,0.6666666666666666
26,12,ˈom,0.384,0.32,0.8333333333333334
26,13,al,0.352,0.352,1.0
26,14,luɪ,0.384,0.288,0.7499999999999999
26,15,"dˌumnezˈeʊ,",0.384,0.064,0.16666666666666666
26,16,un,0.352,0.256,0.7272727272727273
26,17,ˈom,0.384,0.352,0.9166666666666666
26,18,respektˈat.,0.384,0.352,0.9166666666666666
27,0,tˈatəl,0.352,0.352,1.0
27,1,səʊ,0.352,0.224,0.6363636363636365
27,2,ʃi,0.352,0.288,0.8181818181818181
27,3,mˈama,0.384,0.32,0.8333333333333334
27,4,sa,0.352,0.256,0.7272727272727273
27,5,nu,0.352,0.256,0.7272727272727273
27,6,ʃtjˈaʊ,0.384,0.352,0.9166666666666666
27,7,kə,0.352,0.352,1.0
27,8,lˈukrul,0.352,0.352,1.0
27,9,atʃˌesta,0.384,0.448,1.1666666666666667
27,10,jeɾˌa,0.352,0.448,1.272727272727273
27,11,dˌela,0.352,0.128,0.36363636363636365
27,12,"dˈomnul,",0.352,0.288,0.8181818181818181
27,13,kˈətʃʲ,0.384,0.384,1.0
27,14,jel,0.352,0.224,0.6363636363636365
27,15,kˌəutˈa,0.352,0.384,1.090909090909091
27,16,un,0.384,0.32,0.8333333333333334
27,17,pɾilˈeʒ,0.352,0.352,1.0
27,18,ˌɨmpotɾˈiva,0.352,0.352,1.0
27,19,fˌilistenʲˈilor.,0.384,0.384,1.0
28,0,ku,0.384,0.768,2.0
28,1,"ˌadevəɾˈat,",0.384,0.032,0.08333333333333333
28,2,vˈiʊ,0.384,0.032,0.08333333333333333
28,3,jˌeste,0.384,0.512,1.3333333333333333
28,4,dˈomnul,0.384,0.48,1.25
28,5,ʃi,0.384,0.352,0.9166666666666666
28,6,vˈiʊ,0.384,0.768,2.0
28,7,jˌeste,0.384,0.416,1.0833333333333333
28,8,sˈufletul,0.384,0.288,0.7499999999999999
28,9,"tˈəʊ,",0.416,0.032,0.07692307692307693
28,10,kə,0.384,0.032,0.08333333333333333
28,11,ˈɨntɾe,0.384,0.16,0.4166666666666667
28,12,mˈine,0.384,0.032,0.08333333333333333
28,13,ʃi,0.384,0.32,0.8333333333333334
28,14,mˈɔarte,0.384,0.384,1.0
28,15,nu,0.384,0.352,0.9166666666666666
28,16,jˌeste,0.384,0.32,0.8333333333333334
28,17,dekˈɨt,0.384,0.352,0.9166666666666666
28,18,un,0.384,0.416,1.0833333333333333
28,19,pˈas.,0.416,0.608,1.4615384615384617
29,0,"benˈaja,",0.448,0.416,0.9285714285714285
29,1,fˈiʊl,0.48,0.32,0.6666666666666667
29,2,luɪ,0.48,0.352,0.7333333333333333
29,3,"ʒˌehojˈada,",0.48,0.384,0.8
29,4,jeɾˌa,0.48,0.416,0.8666666666666667
29,5,un,0.448,0.384,0.8571428571428571
29,6,vitˈeaz,0.48,0.448,0.9333333333333333
29,7,din,0.48,0.416,0.8666666666666667
29,8,kˌaptseˈel,0.48,0.48,1.0
29,9,kˌaɾe,0.48,0.64,1.3333333333333335
29,10,a,0.448,0.224,0.5
29,11,fəkˈut,0.48,0.192,0.4
29,12,mˈulte,0.48,0.128,0.26666666666666666
29,13,fˈapte,0.48,0.512,1.0666666666666667
29,14,məɾˈetse.,0.48,0.512,1.0666666666666667
30,0,apˈoj,0.384,0.096,0.25
30,1,ˌabiɡˈaɪl,0.416,0.16,0.38461538461538464
30,2,sa,0.416,0.544,1.307692307692308
30,3,rˌidikˈat,0.416,0.448,1.076923076923077
30,4,"rˈepedˌe,",0.384,0.352,0.9166666666666666
30,5,a,0.416,0.384,0.9230769230769231
30,6,ˌɨnkəlekˈat,0.416,0.384,0.9230769230769231
30,7,pe,0.416,0.352,0.8461538461538461
30,8,un,0.416,0.416,1.0
30,9,məɡˈar,0.384,0.32,0.8333333333333334
30,10,ʃʲa,0.416,0.224,0.5384615384615385
30,11,plekˈat,0.416,0.384,0.9230769230769231
30,12,ˌɨnsotsˈitə,0.416,0.32,0.7692307692307693
30,13,de,0.384,0.416,1.0833333333333333
30,14,tʃˈintʃʲ,0.416,0.384,0.9230769230769231
30,15,sˌervitˈɔaɾe,0.416,0.416,1.0
30,16,ale,0.416,0.384,0.9230769230769231
30,17,sˈale.,0.416,0.544,1.307692307692308
31,0,din,0.416,0.48,1.153846153846154
31,1,"fɾˈukte,",0.448,0.48,1.0714285714285714
31,2,din,0.448,0.192,0.42857142857142855
31,3,mˈust,0.448,0.288,0.6428571428571428
31,4,ʃi,0.448,0.32,0.7142857142857143
31,5,din,0.448,0.32,0.7142857142857143
31,6,ulˈeɪ,0.448,0.16,0.35714285714285715
31,7,ʃi,0.448,0.256,0.5714285714285714
31,8,le,0.416,0.384,0.9230769230769231
31,9,vom,0.448,0.48,1.0714285714285714
31,10,dˈa,0.448,0.416,0.9285714285714285
31,11,lˌevitsʲˈilor,0.448,0.384,0.8571428571428571
31,12,zˌetʃjujˈala,0.448,0.48,1.0714285714285714
31,13,din,0.448,0.416,0.9285714285714285
31,14,rɔadˈele,0.448,0.48,1.0714285714285714
31,15,pˌəmɨntˈurilor,0.448,0.416,0.9285714285714285
31,16,nˈɔastɾe.,0.448,0.512,1.1428571428571428
32,0,"teoɾˈetik,",0.32,0.384,1.2
32,1,sultˈanul,0.352,0.416,1.1818181818181819
32,2,jeɾˌa,0.352,0.256,0.7272727272727273
32,3,lˈiber,0.352,0.224,0.6363636363636365
32,4,sə,0.352,0.352,1.0
32,5,jˈa,0.352,0.224,0.6363636363636365
32,6,ˌoɾʲtʃˌe,0.32,0.192,0.6
32,7,"məsˈuɾə,",0.352,0.32,0.9090909090909092
32,8,ˌoɾʲkˌɨt,0.352,0.352,1.0
32,9,de,0.352,0.352,1.0
32,10,ˌimportˈantə,0.352,0.352,1.0
32,11,ʃi,0.352,0.384,1.090909090909091
32,12,de,0.352,0.384,1.090909090909091
32,13,"ɡɾˈavə,",0.32,0.256,0.8
32,14,fˈərə,0.352,0.256,0.7272727272727273
32,15,sə,0.352,0.32,0.9090909090909092
32,16,tʃˈeaɾə,0.352,0.352,1.0
32,17,pəɾˈeɾea,0.352,0.32,0.9090909090909092
32,18,sfˈetnitʃˌilor,0.352,0.384,1.090909090909091
32,19,sˈəɪ.,0.352,0.32,0.9090909090909092
33,0,karlˈes,0.384,0.448,1.1666666666666667
33,1,ˌurməɾˈise,0.384,0.416,1.0833333333333333
33,2,ku,0.416,0.416,1.0
33,3,atˈentsje,0.384,0.352,0.9166666666666666
33,4,dˌesfəʃuɾˈaɾea,0.384,0.48,1.25
33,5,ˌevenˌimentˈelor,0.416,0.48,1.153846153846154
33,6,kˌaɾe,0.384,0.352,0.9166666666666666
33,7,tindˈeaw,0.384,0.288,0.7499999999999999
33,8,sə,0.416,0.416,1.0
33,9,fˈakə,0.384,0.384,1.0
33,10,din,0.384,0.32,0.8333333333333334
33,11,unkˈiʊl,0.416,0.128,0.3076923076923077
33,12,səʊ,0.384,0.32,0.8333333333333334
33,13,"filˈip,",0.384,0.224,0.5833333333333334
33,14,ˌadevəɾˈatul,0.416,0.384,0.9230769230769231
33,15,stəpˈɨn,0.384,0.16,0.4166666666666667
33,16,al,0.384,0.352,0.9166666666666666
33,17,fɾˈantseɪ.,0.416,0.544,1.307692307692308
34,0,ɨn,0.288,0.352,1.2222222222222223
34,1,ʒˈurul,0.32,0.352,1.0999999999999999
34,2,lor,0.32,0.256,0.8
34,3,se,0.32,0.096,0.3
34,4,stɾˈɨnse,0.32,0.192,0.6
34,5,un,0.32,0.352,1.0999999999999999
34,6,tʃˈerk,0.32,0.32,1.0
34,7,de,0.32,0.288,0.8999999999999999
34,8,soldˈatsʲʲ,0.288,0.32,1.1111111111111112
34,9,ku,0.32,0.32,1.0
34,10,armˈele,0.32,0.64,2.0
34,11,"skˈɔase,",0.32,0.416,1.2999999999999998
34,12,ɡˈata,0.32,0.32,1.0
34,13,sə,0.32,0.32,1.0
34,14,"lovˈeaskə,",0.32,0.224,0.7
34,15,dˌakə,0.32,0.352,1.0999999999999999
34,16,vɾeˈunul,0.288,0.288,1.0
34,17,ar,0.32,0.352,1.0999999999999999
34,18,fˈi,0.32,0.32,1.0
34,19,skitsˈat,0.32,0.128,0.4
34,20,un,0.32,0.16,0.5
34,21,dʒˈest,0.32,0.224,0.7
34,22,de,0.32,0.32,1.0
34,23,ˌɨmpotɾivˈiɾe.,0.32,0.352,1.0999999999999999
35,0,dutʃˈeza,0.32,0.352,1.0999999999999999
35,1,kjˈaɾa,0.32,0.256,0.8
35,2,ˌɨnkɾedintsˈase,0.32,0.256,0.8
35,3,sˈotsuluɪ,0.352,0.352,1.0
35,4,jeɪ,0.32,0.352,1.0999999999999999
35,5,mˌorɡanˈatik,0.32,0.384,1.2
35,6,dˌemnitˈatea,0.352,0.32,0.9090909090909092
35,7,de,0.32,0.288,0.8999999999999999
35,8,mˌaɾeʃˈal,0.32,0.288,0.8999999999999999
35,9,al,0.352,0.448,1.272727272727273
35,10,kˈurtsiɪ,0.32,0.32,1.0
35,11,spɾˈe,0.32,0.32,1.0
35,12,al,0.352,0.352,1.0
35,13,pəstɾˈa,0.32,0.16,0.5
35,14,lˈɨŋɡə,0.32,0.224,0.7
35,15,ja,0.352,0.32,0.9090909090909092
35,16,fˈərə,0.32,0.288,0.8999999999999999
35,17,a,0.32,0.128,0.4
35,18,dˈa,0.352,0.224,0.6363636363636365
35,19,naʃtˈeɾe,0.32,0.32,1.0
35,20,la,0.32,0.352,1.0999999999999999
35,21,klˌevetˈiɾʲʲ.,0.352,0.32,0.9090909090909092
36,0,se,0.352,0.48,1.3636363636363638
36,1,rˌespektˈa,0.352,0.48,1.3636363636363638
36,2,ˈastfel,0.352,0.416,1.1818181818181819
36,3,o,0.352,0.416,1.1818181818181819
36,4,tɾadˈitsje,0.352,0.384,1.090909090909091
36,5,kˌaɾe,0.352,0.416,1.1818181818181819
36,6,impˈunea,0.384,0.48,1.25
36,7,sˌuveɾˈanuluɪ,0.352,0.416,1.1818181818181819
36,8,sə,0.352,0.288,0.8181818181818181
36,9,ˌɨmpərtəʃˈeaskə,0.352,0.128,0.36363636363636365
36,10,plətʃˈeɾʲile,0.352,0.032,0.09090909090909091
36,11,ʃi,0.352,0.128,0.36363636363636365
36,12,bˌukurˈiɪle,0.384,0.256,0.6666666666666666
36,13,sˌoldatsʲˈilor,0.352,0.256,0.7272727272727273
36,14,"sˈəɪ,",0.352,0.32,0.9090909090909092
36,15,mˌanifestˈate,0.352,0.384,1.090909090909091
36,16,ɨn,0.352,0.32,0.9090909090909092
36,17,nˌeɨnfɾɨnˈate,0.352,0.384,1.090909090909091
36,18,ordʒˈiɪ.,0.384,0.384,1.0
37,0,ˌemulˈatsja,0.416,0.416,1.0
37,1,atʃˌeasta,0.448,0.48,1.0714285714285714
37,2,"mˌaɡnifˈikə,",0.448,0.48,1.0714285714285714
37,3,ɨn,0.448,0.256,0.5714285714285714
37,4,fˈatsa,0.416,0.288,0.6923076923076923
37,5,ˌunuɪ,0.448,0.544,1.2142857142857144
37,6,ˌinamˈik,0.448,0.416,0.9285714285714285
37,7,"surpɾˈins,",0.448,0.224,0.5
37,8,dˌezoɾjentˈat,0.416,0.352,0.8461538461538461
37,9,de,0.448,0.448,1.0
37,10,vjolˈentsa,0.448,0.48,1.0714285714285714
37,11,kˈontɾa,0.448,0.416,0.9285714285714285
37,12,atˈakuluɪ,0.416,0.448,1.076923076923077
37,13,"kɾˌeʃtinʲˈilor,",0.448,0.48,1.0714285714285714
37,14,fətʃˈea,0.448,0.288,0.6428571428571428
37,15,minˈunʲʲ.,0.448,0.512,1.1428571428571428
38,0,pɾˈi,0.352,0.48,1.3636363636363638
38,1,de,0.352,0.384,1.090909090909091
38,2,atʃˌeʃtja,0.384,0.384,1.0
38,3,se,0.352,0.32,0.9090909090909092
38,4,aflˈa,0.352,0.288,0.8181818181818181
38,5,ʃiʲ,0.384,0.192,0.5
38,6,emˈirul,0.352,0.32,0.9090909090909092
38,7,"faɾˈaʒ,",0.384,0.384,1.0
38,8,kˌaɾeʃʲ,0.352,0.32,0.9090909090909092
38,9,kˌɨʃtiɡˈase,0.352,0.32,0.9090909090909092
38,10,ku,0.384,0.288,0.7499999999999999
38,11,pɾˌisosˈintsə,0.352,0.352,1.0
38,12,"perlˈele,",0.352,0.448,1.272727272727273
38,13,ˌobtsinˈɨnd,0.384,0.384,1.0
38,14,pɾimˈiɾea,0.352,0.352,1.0
38,15,luɪ,0.384,0.384,1.0
38,16,fˈaɪz,0.352,0.064,0.18181818181818182
38,17,de,0.352,0.288,0.8181818181818181
38,18,kˈətɾe,0.384,0.352,0.9166666666666666
38,19,sultˈanul,0.352,0.384,1.090909090909091
38,20,mˌuɾibˈund.,0.384,0.448,1.1666666666666667
39,0,dar,0.288,0.352,1.2222222222222223
39,1,fˈiɪndkə,0.32,0.384,1.2
39,2,və,0.32,0.416,1.2999999999999998
39,3,ˌɨnkipwˈitsʲʲ,0.32,0.32,1.0
39,4,kə,0.32,0.288,0.8999999999999999
39,5,sˌuntem,0.32,0.32,1.0
39,6,la,0.32,0.192,0.6
39,7,ˌanadʒˈiʲe,0.32,0.288,0.8999999999999999
39,8,ɨn,0.32,0.608,1.9
39,9,"kˌaɾamˈanje,",0.32,0.288,0.8999999999999999
39,10,ˌɨntʃerkˈatsʲʲ,0.32,0.32,1.0
39,11,sə,0.288,0.224,0.7777777777777779
39,12,ne,0.32,0.288,0.8999999999999999
39,13,speɾjˈatsʲʲ,0.32,0.192,0.6
39,14,ku,0.32,0.16,0.5
39,15,momˈyɪle,0.32,0.192,0.6
39,16,pe,0.32,0.16,0.5
39,17,kˌaɾe,0.32,0.416,1.2999999999999998
39,18,lˌeatsʲ,0.32,0.288,0.8999999999999999
39,19,pɾˌeɡətˈit,0.32,0.32,1.0
39,20,ɨn,0.32,0.288,0.8999999999999999
39,21,tˈaɪnə.,0.32,0.224,0.7
40,0,rəmˈas,0.416,0.48,1.153846153846154
40,1,redʒˈent,0.448,0.416,0.9285714285714285
40,2,al,0.448,0.48,1.0714285714285714
40,3,"ˌuŋɡaɾˈiʲeɪ,",0.448,0.16,0.35714285714285715
40,4,ˌaktʃeptˈase,0.448,0.416,0.9285714285714285
40,5,dˈupə,0.416,0.384,0.9230769230769231
40,6,lˈuŋdʒʲ,0.448,0.384,0.8571428571428571
40,7,dezbˈateɾʲˌʲ,0.448,0.416,0.9285714285714285
40,8,"lˈəʊntɾitʃˌe,",0.448,0.512,1.1428571428571428
40,9,revenˈiɾea,0.448,0.512,1.1428571428571428
40,10,dˌinastˈiʲeɪ,0.448,0.512,1.1428571428571428
40,11,de,0.416,0.416,1.0
40,12,aˈustɾja,0.448,0.288,0.6428571428571428
40,13,pe,0.448,0.384,0.8571428571428571
40,14,tɾˈonul,0.448,0.416,0.9285714285714285
40,15,reɡˈatuluɪ,0.448,0.448,1.0
40,16,maɡjˈar.,0.448,0.416,0.9285714285714285
41,0,o,0.32,0.416,1.2999999999999998
41,1,lˌuvitˈuɾə,0.352,0.384,1.090909090909091
41,2,de,0.352,0.416,1.1818181818181819
41,3,sˈabje,0.352,0.384,1.090909090909091
41,4,bˈine,0.352,0.192,0.5454545454545455
41,5,plasˈatə,0.352,0.224,0.6363636363636365
41,6,ˌɨi,0.352,0.288,0.8181818181818181
41,7,sfɨʃˈiʲe,0.352,0.32,0.9090909090909092
41,8,kˈapa,0.352,0.224,0.6363636363636365
41,9,nˈeaɡɾə,0.352,0.416,1.1818181818181819
41,10,ʃi,0.32,0.416,1.2999999999999998
41,11,tˈunikˌa,0.352,0.288,0.8181818181818181
41,12,ɨn,0.352,0.16,0.4545454545454546
41,13,dɾˈeptul,0.352,0.192,0.5454545454545455
41,14,"ˈinimˌiɪ,",0.352,0.352,1.0
41,15,dar,0.352,0.288,0.8181818181818181
41,16,ˌalunˈekə,0.352,0.288,0.8181818181818181
41,17,pe,0.352,0.288,0.8181818181818181
41,18,kəmˈaʃa,0.352,0.32,0.9090909090909092
41,19,de,0.352,0.384,1.090909090909091
41,20,zˈale.,0.352,0.352,1.0
42,0,"o,",0.352,0.384,1.090909090909091
42,1,dar,0.384,0.448,1.1666666666666667
42,2,maɪ,0.352,0.32,0.9090909090909092
42,3,ˌɨnəltsətˈɔaɾe,0.384,0.416,1.0833333333333333
42,4,ar,0.384,0.384,1.0
42,5,fˈi,0.352,0.32,0.9090909090909092
42,6,faptˈele,0.384,0.608,1.5833333333333333
42,7,lor,0.352,0.352,1.0
42,8,de,0.384,0.16,0.4166666666666667
42,9,ˈarme,0.384,0.288,0.7499999999999999
42,10,dˌakə,0.352,0.288,0.8181818181818181
42,11,ʃiʲar,0.384,0.448,1.1666666666666667
42,12,vˈɨrsa,0.352,0.416,1.1818181818181819
42,13,sɨŋdʒˈele,0.384,0.416,1.0833333333333333
42,14,rˌəzboˈinduse,0.384,0.32,0.8333333333333334
42,15,ku,0.352,0.096,0.27272727272727276
42,16,pəɡˈɨniɪ,0.384,0.16,0.4166666666666667
42,17,pˌentɾu,0.352,0.32,0.9090909090909092
42,18,ˌapəɾˈaɾea,0.384,0.352,0.9166666666666666
42,19,kɾˈutʃiɪ.,0.384,0.384,1.0
43,0,pe,0.48,0.032,0.06666666666666667
43,1,kɨnd,0.512,0.16,0.3125
43,2,tʃˌertʃetˈa,0.48,0.48,1.0
43,3,piktˈurile,0.512,0.544,1.0625
43,4,muɾˈale,0.48,0.512,1.0666666666666667
43,5,ale,0.512,0.576,1.125
43,6,ˌuneɪ,0.48,0.544,1.1333333333333335
43,7,"bisˈeɾitʃˌʲ,",0.512,0.352,0.6875
43,8,blˈɨndul,0.48,0.64,1.3333333333333335
43,9,bˌibljotekˈar,0.512,0.608,1.1875
43,10,pˌatɾjarhitʃˈesk,0.48,0.512,1.0666666666666667
43,11,ɨl,0.512,0.448,0.875
43,12,kunˈosku,0.48,0.352,0.7333333333333333
43,13,pe,0.512,0.384,0.75
43,14,nikˈolo,0.48,0.352,0.7333333333333333
43,15,bɾˌankalˈeone.,0.512,0.48,0.9375
44,0,voj,0.544,0.544,1.0
44,1,kˈutʃeɾˌiɪ,0.576,0.576,1.0
44,2,"kˌonstantˌinopolˈele,",0.576,0.448,0.7777777777777779
44,3,kjˈar,0.544,0.512,0.9411764705882353
44,4,dˌakə,0.576,0.576,1.0
44,5,va,0.576,0.544,0.9444444444444445
44,6,tɾebwˈi,0.544,0.48,0.8823529411764705
44,7,sə,0.576,0.512,0.888888888888889
44,8,lˈuptʲʲ,0.576,0.416,0.7222222222222222
44,9,sˈiŋɡur,0.544,0.288,0.5294117647058822
44,10,ˌɨmpotɾˈiva,0.576,0.192,0.33333333333333337
44,11,ˌɨntɾedʒˈiɪ,0.576,0.448,0.7777777777777779
44,12,lˈumʲʲ.,0.576,0.64,1.1111111111111112
45,0,pərtsʲˈile,0.32,0.352,1.0999999999999999
45,1,ɨnˈalte,0.32,0.32,1.0
45,2,ale,0.32,0.352,1.0999999999999999
45,3,oɾˈaʃuluɪ,0.32,0.32,1.0
45,4,se,0.32,0.384,1.2
45,5,dˌespɾindˈeaw,0.352,0.256,0.7272727272727273
45,6,din,0.32,0.256,0.8
45,7,mˈasa,0.32,0.288,0.8999999999999999
45,8,kompˈaktə,0.32,0.256,0.8
45,9,de,0.32,0.32,1.0
45,10,"tʃˈeatsə,",0.352,0.352,1.0
45,11,ˌevokˈɨnd,0.32,0.32,1.0
45,12,o,0.32,0.32,1.0
45,13,imˈensə,0.32,0.192,0.6
45,14,koɾˈabje,0.32,0.192,0.6
45,15,nˌabiɡˈɨnd,0.352,0.288,0.8181818181818181
45,16,pe,0.32,0.256,0.8
45,17,un,0.32,0.32,1.0
45,18,otʃˈean,0.32,0.288,0.8999999999999999
45,19,de,0.32,0.352,1.0999999999999999
45,20,nˈoɾʲʲ.,0.352,0.384,1.090909090909091
46,0,ˌelefteɾˈiʲa,0.48,0.448,0.9333333333333333
46,1,tɾasˈakiɪ,0.48,0.352,0.7333333333333333
46,2,tɾetʃˈea,0.48,0.32,0.6666666666666667
46,3,pɾin,0.48,0.16,0.33333333333333337
46,4,foɾˈum,0.512,0.448,0.875
46,5,bovˈis,0.48,0.416,0.8666666666666667
46,6,kɨnd,0.48,0.384,0.8
46,7,vəzˈu,0.48,0.384,0.8
46,8,mˈultə,0.48,0.48,1.0
46,9,lˈume,0.512,0.352,0.6875
46,10,ˌadunˈatə,0.48,0.48,1.0
46,11,lˈɨŋɡə,0.48,0.608,1.2666666666666666
46,12,ˌobelˈiskul,0.48,0.608,1.2666666666666666
46,13,ˌedʒiptˈean.,0.512,0.672,1.3125
47,0,və,0.416,0.384,0.9230769230769231
47,1,"ʒˈur,",0.416,0.384,0.9230769230769231
47,2,"efˈendʲʲ,",0.416,0.352,0.8461538461538461
47,3,nu,0.416,0.256,0.6153846153846154
47,4,kunˈosk,0.416,0.32,0.7692307692307693
47,5,numˈele,0.416,0.416,1.0
47,6,pˌersonˈaʒuluɪ,0.416,0.448,1.076923076923077
47,7,din,0.416,0.48,1.153846153846154
47,8,nˌatuɾˈaʒul,0.416,0.448,1.076923076923077
47,9,ˌɨnəltsˈimiɪ,0.416,0.448,1.076923076923077
47,10,sale,0.416,0.384,0.9230769230769231
47,11,sultˈanul,0.416,0.096,0.23076923076923078
47,12,kˌaɾe,0.416,0.416,1.0
47,13,pɾˈimea,0.416,0.352,0.8461538461538461
47,14,stipˈendiɪ,0.416,0.384,0.9230769230769231
47,15,dˌela,0.416,0.48,1.153846153846154
47,16,rˌəpəsˈatul,0.416,0.544,1.307692307692308
47,17,bˌazilˈeʊ,0.416,0.352,0.8461538461538461
47,18,kˌonstantinˈos.,0.448,0.48,1.0714285714285714
0,0,ɨn,0.448,0.48,1.0714285714285714
0,1,stɾəfˈundul,0.48,0.448,0.9333333333333333
0,2,fˈiɪntseɪ,0.48,0.128,0.26666666666666666
0,3,jeɪ,0.48,0.416,0.8666666666666667
0,4,sˌələʃlujˈa,0.48,0.448,0.9333333333333333
0,5,pɾobˈabil,0.448,0.544,1.2142857142857144
0,6,o,0.48,0.352,0.7333333333333333
0,7,orkˈestɾə,0.48,0.064,0.13333333333333333
0,8,de,0.48,0.48,1.0
0,9,ʒˈaz,0.48,0.48,1.0
0,10,kˌaɾe,0.48,0.448,0.9333333333333333
0,11,kɨntˈa,0.448,0.48,1.0714285714285714
0,12,ritmˈurʲ,0.48,0.48,1.0
0,13,ˌantɾenˈante,0.48,0.512,1.0666666666666667
0,14,ʃi,0.48,0.512,1.0666666666666667
0,15,melˈodiɪ,0.48,0.48,1.0
0,16,tɾˌepidˈante.,0.48,0.544,1.1333333333333335
1,0,jˌeʃtʲ,0.288,0.384,1.3333333333333335
1,1,la,0.288,0.352,1.2222222222222223
1,2,fˈel,0.288,0.256,0.888888888888889
1,3,de,0.288,0.32,1.1111111111111112
1,4,naˈivə,0.288,0.224,0.7777777777777779
1,5,kˈum,0.32,0.384,1.2
1,6,am,0.288,0.192,0.6666666666666667
1,7,fost,0.288,0.16,0.5555555555555556
1,8,ʃi,0.288,0.288,1.0
1,9,"jˈeʊ,",0.288,0.352,1.2222222222222223
1,10,sərmˈana,0.288,0.384,1.3333333333333335
1,11,"mˈea,",0.32,0.352,1.0999999999999999
1,12,"kumˈiko,",0.288,0.064,0.22222222222222224
1,13,ʃi,0.288,0.256,0.888888888888889
1,14,fˈərə,0.288,0.352,1.2222222222222223
1,15,ˌɨndojˈalə,0.288,0.288,1.0
1,16,kə,0.32,0.32,1.0
1,17,aɪ,0.288,0.128,0.4444444444444445
1,18,sə,0.288,0.032,0.11111111111111112
1,19,fˈiɪ,0.288,0.064,0.22222222222222224
1,20,ˈɨntɾo,0.288,0.256,0.888888888888889
1,21,zˈi,0.288,0.32,1.1111111111111112
1,22,la,0.32,0.32,1.0
1,23,fˈel,0.288,0.224,0.7777777777777779
1,24,de,0.288,0.256,0.888888888888889
1,25,dˌezamədʒˈitə,0.288,0.288,1.0
1,26,ka,0.288,0.288,1.0
1,27,mˈine.,0.32,0.352,1.0999999999999999
2,0,"ˈuɪte,",0.352,0.448,1.272727272727273
2,1,"kumˈiko,",0.384,0.448,1.1666666666666667
2,2,sunt,0.352,0.064,0.18181818181818182
2,3,fˈɔarte,0.384,0.032,0.08333333333333333
2,4,bolnˈavə,0.384,0.256,0.6666666666666666
2,5,ʃi,0.352,0.48,1.3636363636363638
2,6,va,0.384,0.384,1.0
2,7,tɾebwˈi,0.352,0.32,0.9090909090909092
2,8,sə,0.384,0.416,1.0833333333333333
2,9,stˈaʊ,0.384,0.16,0.4166666666666667
2,10,mˈult,0.352,0.288,0.8181818181818181
2,11,tˈimp,0.384,0.224,0.5833333333333334
2,12,la,0.352,0.288,0.8181818181818181
2,13,spitˈal.,0.384,0.352,0.9166666666666666
2,14,nu,0.384,0.32,0.8333333333333334
2,15,kɾˈed,0.352,0.704,2.0
2,16,kə,0.384,0.064,0.16666666666666666
2,17,o,0.352,0.384,1.090909090909091
2,18,sə,0.384,0.288,0.7499999999999999
2,19,te,0.384,0.192,0.5
2,20,maɪ,0.352,0.384,1.090909090909091
2,21,pot,0.384,0.416,1.0833333333333333
2,22,ɡˌəzduˈi.,0.384,0.384,1.0
3,0,ku,0.32,0.32,1.0
3,1,mˈik,0.352,0.352,1.0
3,2,"zˈɨmbet,",0.352,0.224,0.6363636363636365
3,3,olˈaf,0.352,0.128,0.36363636363636365
3,4,pˈimps,0.352,0.288,0.8181818181818181
3,5,sentˈɔarse,0.352,0.288,0.8181818181818181
3,6,spɾˈe,0.352,0.192,0.5454545454545455
3,7,kˈameɾˌa,0.352,0.288,0.8181818181818181
3,8,de,0.32,0.32,1.0
3,9,filmˈat,0.352,0.416,1.1818181818181819
3,10,ʃi,0.352,0.352,1.0
3,11,ɡɾˈəɪ,0.352,0.192,0.5454545454545455
3,12,de,0.352,0.256,0.7272727272727273
3,13,pˈarkə,0.352,0.352,1.0
3,14,sar,0.352,0.224,0.6363636363636365
3,15,fˈi,0.352,0.352,1.0
3,16,ɡəsˈit,0.32,0.352,1.0999999999999999
3,17,dˈintro,0.352,0.448,1.272727272727273
3,18,dˈatə,0.352,0.416,1.1818181818181819
3,19,ɨn,0.352,0.384,1.090909090909091
3,20,fˈatsa,0.352,0.416,1.1818181818181819
3,21,luɪ,0.352,0.32,0.9090909090909092
3,22,bˌaltazˈar,0.352,0.352,1.0
3,23,balsˈan.,0.352,0.384,1.090909090909091
4,0,lwˈa,0.288,0.288,1.0
4,1,ɨn,0.288,0.224,0.7777777777777779
4,2,mˈɨna,0.288,0.256,0.888888888888889
4,3,nˈoʊa,0.32,0.32,1.0
4,4,kˈarte,0.288,0.32,1.1111111111111112
4,5,din,0.288,0.352,1.2222222222222223
4,6,kˌaɾe,0.32,0.224,0.7
4,7,libɾˈaɾiɪ,0.288,0.256,0.888888888888889
4,8,ˌɨnəltsasˈeɾə,0.288,0.256,0.888888888888889
4,9,o,0.32,0.288,0.8999999999999999
4,10,pˌiɾamˈidə,0.288,0.256,0.888888888888889
4,11,de,0.288,0.256,0.888888888888889
4,12,ˌeɡzemplˈaɾe,0.32,0.256,0.8
4,13,la,0.288,0.288,1.0
4,14,fˈel,0.288,0.288,1.0
4,15,de,0.32,0.32,1.0
4,16,fɾumˈɔasə,0.288,0.32,1.1111111111111112
4,17,ka,0.288,0.288,1.0
4,18,un,0.32,0.288,0.8999999999999999
4,19,pˈom,0.288,0.192,0.6666666666666667
4,20,de,0.288,0.224,0.7777777777777779
4,21,kɾətʃˈun,0.32,0.352,1.0999999999999999
4,22,ʃiʲ,0.288,0.32,1.1111111111111112
4,23,ˌɨntʃepˈu,0.288,0.288,1.0
4,24,sə,0.32,0.32,1.0
4,25,spˌoɾovojˈaskə,0.288,0.288,1.0
4,26,ku,0.288,0.256,0.888888888888889
4,27,vˌetʃinˈele.,0.32,0.256,0.8
5,0,"tˈotuʃʲˌʲ,",0.288,0.16,0.5555555555555556
5,1,jeɾˌa,0.288,0.064,0.22222222222222224
5,2,maɪ,0.288,0.128,0.4444444444444445
5,3,bˈine,0.288,0.288,1.0
5,4,sə,0.288,0.256,0.888888888888889
5,5,nu,0.288,0.288,1.0
5,6,dˈaʊ,0.288,0.32,1.1111111111111112
5,7,atˈentsje,0.288,0.32,1.1111111111111112
5,8,ˌatʃestˈuɪ,0.288,0.384,1.3333333333333335
5,9,dʒˈen,0.288,0.256,0.888888888888889
5,10,de,0.288,0.288,1.0
5,11,remˈarkə,0.288,0.288,1.0
5,12,ʃi,0.288,0.288,1.0
5,13,sə,0.288,0.224,0.7777777777777779
5,14,mə,0.288,0.288,1.0
5,15,servˈesk,0.288,0.288,1.0
5,16,de,0.288,0.192,0.6666666666666667
5,17,fɾizˈerul,0.288,0.288,1.0
5,18,ku,0.288,0.256,0.888888888888889
5,19,pɾˈitʃinˌa,0.288,0.288,1.0
5,20,dˈɔar,0.288,0.32,1.1111111111111112
5,21,ka,0.288,0.32,1.1111111111111112
5,22,sə,0.288,0.256,0.888888888888889
5,23,mə,0.288,0.32,1.1111111111111112
5,24,aʒˈute,0.288,0.288,1.0
5,25,səl,0.288,0.096,0.33333333333333337
5,26,askˈund,0.288,0.032,0.11111111111111112
5,27,ʃi,0.288,0.256,0.888888888888889
5,28,maɪ,0.288,0.256,0.888888888888889
5,29,mˈult.,0.32,0.288,0.8999999999999999
6,0,ma,0.352,0.48,1.3636363636363638
6,1,lwˈat,0.352,0.384,1.090909090909091
6,2,un,0.352,0.48,1.3636363636363638
6,3,bɾˈatse,0.352,0.224,0.6363636363636365
6,4,"ʃi,",0.352,0.352,1.0
6,5,deʃʲˈi,0.384,0.352,0.9166666666666666
6,6,mə,0.352,0.032,0.09090909090909091
6,7,"zbətˈeam,",0.352,0.128,0.36363636363636365
6,8,ma,0.352,0.096,0.27272727272727276
6,9,stɾˈɨns,0.352,0.352,1.0
6,10,ku,0.384,0.384,1.0
6,11,tandɾˈetse,0.352,0.32,0.9090909090909092
6,12,la,0.352,0.416,1.1818181818181819
6,13,pjˈept.,0.352,0.608,1.7272727272727273
6,14,te,0.352,0.064,0.18181818181818182
6,15,jubˈesk,0.352,0.032,0.09090909090909091
6,16,ʃi,0.384,0.288,0.7499999999999999
6,17,nu,0.352,0.384,1.090909090909091
6,18,vɾˈeaw,0.352,0.32,0.9090909090909092
6,19,sə,0.352,0.416,1.1818181818181819
6,20,te,0.352,0.32,0.9090909090909092
6,21,pˌəɾəsˈesk.,0.384,0.32,0.8333333333333334
7,0,tʃˌertʃetˈɨnduse,0.384,0.448,1.1666666666666667
7,1,ɨn,0.416,0.448,1.076923076923077
7,2,oɡlˈinda,0.416,0.384,0.9230769230769231
7,3,mˈaɾe,0.384,0.384,1.0
7,4,din,0.416,0.448,1.076923076923077
7,5,kˈameɾˌa,0.416,0.352,0.8461538461538461
7,6,"jˈeɪ,",0.384,0.064,0.16666666666666666
7,7,konstˈatə,0.416,0.416,1.0
7,8,kə,0.416,0.288,0.6923076923076923
7,9,silwˈeta,0.384,0.384,1.0
7,10,"jˈeɪ,",0.416,0.544,1.307692307692308
7,11,mˌodelˈatə,0.416,0.224,0.5384615384615385
7,12,de,0.384,0.416,1.0833333333333333
7,13,spˈort,0.416,0.32,0.7692307692307693
7,14,ʃi,0.416,0.288,0.6923076923076923
7,15,de,0.384,0.352,0.9166666666666666
7,16,un,0.416,0.448,1.076923076923077
7,17,redʒˈim,0.416,0.416,1.0
7,18,"mˌakɾobjˈotik,",0.384,0.224,0.5833333333333334
7,19,rˌezistˈa,0.416,0.352,0.8461538461538461
7,20,ku,0.416,0.416,1.0
7,21,suktʃˈes.,0.416,0.48,1.153846153846154
8,0,fˈərə,0.32,0.288,0.8999999999999999
8,1,sə,0.352,0.352,1.0
8,2,zˌəbovˈeaskə,0.32,0.384,1.2
8,3,la,0.352,0.32,0.9090909090909092
8,4,nˌitʃo,0.32,0.256,0.8
8,5,"ˌemisjˈune,",0.352,0.384,1.090909090909091
8,6,jeɾˌaʊ,0.32,0.192,0.6
8,7,maɪ,0.352,0.16,0.4545454545454546
8,8,deɡɾˈabə,0.352,0.352,1.0
8,9,ˌɨmbətˈatsʲʲ,0.32,0.32,1.0
8,10,de,0.352,0.448,1.272727272727273
8,11,fˈaptul,0.32,0.256,0.8
8,12,kə,0.352,0.448,1.272727272727273
8,13,avˈeaw,0.32,0.416,1.2999999999999998
8,14,atˈɨtea,0.352,0.384,1.090909090909091
8,15,pɾoɡɾˈame,0.32,0.288,0.8999999999999999
8,16,dekˈɨt,0.352,0.16,0.4545454545454546
8,17,atɾˈaʃʲʲ,0.352,0.224,0.6363636363636365
8,18,de,0.32,0.192,0.6
8,19,idˈeea,0.352,0.224,0.6363636363636365
8,20,dea,0.32,0.384,1.2
8,21,urmˈəɾʲʲ,0.352,0.384,1.090909090909091
8,22,unul,0.32,0.256,0.8
8,23,la,0.352,0.352,1.0
8,24,nˈume.,0.352,0.352,1.0
9,0,ɨn,0.288,0.384,1.3333333333333335
9,1,vɾˈeme,0.32,0.288,0.8999999999999999
9,2,tʃe,0.288,0.32,1.1111111111111112
9,3,jeʊ,0.32,0.256,0.8
9,4,tɾədʒˈeam,0.288,0.256,0.888888888888889
9,5,ku,0.32,0.32,1.0
9,6,okˈiʊl,0.32,0.384,1.2
9,7,la,0.288,0.256,0.888888888888889
9,8,kəmˈaʃa,0.32,0.352,1.0999999999999999
9,9,luɪ,0.288,0.448,1.5555555555555558
9,10,"dˌeskejˈatə,",0.32,0.288,0.8999999999999999
9,11,kˌaɾe,0.288,0.256,0.888888888888889
9,12,ləsˈa,0.32,0.352,1.0999999999999999
9,13,səɪ,0.32,0.288,0.8999999999999999
9,14,se,0.288,0.256,0.888888888888889
9,15,vˈadə,0.32,0.256,0.8
9,16,pjˈeptul,0.288,0.16,0.5555555555555556
9,17,"pəɾˈos,",0.32,0.16,0.5
9,18,ˌɨntɾebˈɨndumə,0.288,0.224,0.7777777777777779
9,19,dˌakə,0.32,0.288,0.8999999999999999
9,20,ˌasta,0.32,0.224,0.7
9,21,jeɾˌa,0.288,0.256,0.888888888888889
9,22,o,0.32,0.288,0.8999999999999999
9,23,kondˈitsje,0.288,0.256,0.888888888888889
9,24,ka,0.32,0.384,1.2
9,25,sə,0.288,0.288,1.0
9,26,dˈeviɪ,0.32,0.288,0.8999999999999999
9,27,kɔafˈor.,0.32,0.288,0.8999999999999999
10,0,dar,0.288,0.352,1.2222222222222223
10,1,nu,0.32,0.32,1.0
10,2,ar,0.32,0.352,1.0999999999999999
10,3,fˈiʲ,0.32,0.32,1.0
10,4,alˈes,0.32,0.352,1.0999999999999999
10,5,un,0.32,0.32,1.0
10,6,kuvˈɨnt,0.32,0.32,1.0
10,7,maɪ,0.32,0.288,0.8999999999999999
10,8,putˈernik,0.32,0.384,1.2
10,9,saʊ,0.32,0.32,1.0
10,10,maɪ,0.32,0.288,0.8999999999999999
10,11,kˈald,0.32,0.384,1.2
10,12,pˌentɾu,0.32,0.352,1.0999999999999999
10,13,a,0.32,0.256,0.8
10,14,dˌefinʲˈi,0.32,0.032,0.1
10,15,senzˈatsja,0.32,0.192,0.6
10,16,kˌaɾe,0.32,0.32,1.0
10,17,o,0.32,0.288,0.8999999999999999
10,18,"retsˈinea,",0.32,0.224,0.7
10,19,"dˌeokamdˈatə,",0.32,0.128,0.4
10,20,sə,0.32,0.256,0.8
10,21,nu,0.32,0.288,0.8999999999999999
10,22,rˈupə,0.32,0.288,0.8999999999999999
10,23,relˈatsja.,0.32,0.256,0.8
11,0,dˈintro,0.352,0.512,1.4545454545454546
11,1,burɡˈezə,0.384,0.352,0.9166666666666666
11,2,ˈɨntɾe,0.384,0.384,1.0
11,3,dˈouˌə,0.384,0.352,0.9166666666666666
11,4,"vˈɨrste,",0.384,0.32,0.8333333333333334
11,5,ˌepwizˈatə,0.384,0.352,0.9166666666666666
11,6,de,0.384,0.384,1.0
11,7,tʃeɪ,0.384,0.448,1.1666666666666667
11,8,pˈatɾu,0.384,0.256,0.6666666666666666
11,9,"kˈopiɪ,",0.384,0.192,0.5
11,10,tunsˈɔaɾea,0.384,0.256,0.6666666666666666
11,11,ku,0.352,0.32,0.9090909090909092
11,12,pˈər,0.384,0.32,0.8333333333333334
11,13,skˈurt,0.384,0.416,1.0833333333333333
11,14,o,0.384,0.384,1.0
11,15,tɾansfˈorma,0.384,0.416,1.0833333333333333
11,16,ˈɨntɾo,0.384,0.256,0.6666666666666666
11,17,blˈondə,0.384,0.416,1.0833333333333333
11,18,"fɾumˈɔasə,",0.384,0.416,1.0833333333333333
11,19,sportˈivə,0.384,0.352,0.9166666666666666
11,20,ʃiʲ,0.384,0.32,0.8333333333333334
11,21,ˌenerdʒˈikə.,0.384,0.416,1.0833333333333333
12,0,tʃevˈa,0.448,0.48,1.0714285714285714
12,1,"uʃˈor,",0.48,0.416,0.8666666666666667
12,2,"ˌaeɾjˈan,",0.48,0.384,0.8
12,3,"pɾetsjˈos,",0.448,0.416,0.9285714285714285
12,4,ˌoɾjentˈal.,0.48,0.448,0.9333333333333333
12,5,alˈedʒeɾˌea,0.48,0.48,1.0
12,6,ˌuneɪ,0.448,0.416,0.9285714285714285
12,7,femˈeɪ,0.48,0.48,1.0
12,8,ku,0.48,0.512,1.0666666666666667
12,9,tɾˈup,0.48,0.448,0.9333333333333333
12,10,"svˈelt,",0.448,0.416,0.9285714285714285
12,11,o,0.48,0.384,0.8
12,12,femˈeje,0.48,0.256,0.5333333333333333
12,13,kˌaɾe,0.448,0.512,1.1428571428571428
12,14,nu,0.48,0.48,1.0
12,15,atˈɨrnə,0.48,0.352,0.7333333333333333
12,16,ɡɾˈeʊ.,0.48,0.448,0.9333333333333333
13,0,bˌaltazˈar,0.288,0.256,0.888888888888889
13,1,balsˈan,0.32,0.32,1.0
13,2,nu,0.32,0.32,1.0
13,3,so,0.288,0.352,1.2222222222222223
13,4,sˈi,0.32,0.288,0.8999999999999999
13,5,sˈiŋɡur,0.32,0.32,1.0
13,6,la,0.32,0.288,0.8999999999999999
13,7,lˌibɾəɾˈiʲa,0.288,0.352,1.2222222222222223
13,8,din,0.32,0.352,1.0999999999999999
13,9,"namˈur,",0.32,0.16,0.5
13,10,kə,0.32,0.192,0.6
13,11,tʃˌeditˈorul,0.288,0.256,0.888888888888889
13,12,venˈise,0.32,0.256,0.8
13,13,dˌela,0.32,0.32,1.0
13,14,paɾˈis,0.288,0.288,1.0
13,15,ka,0.32,0.352,1.0999999999999999
13,16,səɪ,0.32,0.32,1.0
13,17,ridˈitʃe,0.32,0.288,0.8999999999999999
13,18,"moɾˈalul,",0.288,0.256,0.888888888888889
13,19,fˈapt,0.32,0.288,0.8999999999999999
13,20,kˌaɾe,0.32,0.32,1.0
13,21,ɨl,0.32,0.32,1.0
13,22,depɾˈima,0.288,0.288,1.0
13,23,ʃi,0.32,0.288,0.8999999999999999
13,24,maɪ,0.32,0.224,0.7
13,25,mˈult.,0.32,0.32,1.0
14,0,ʒeɾˈome,0.384,0.384,1.0
14,1,ʃi,0.384,0.352,0.9166666666666666
14,2,"hˈuɡo,",0.384,0.256,0.6666666666666666
14,3,ɨn,0.416,0.384,0.9230769230769231
14,4,spatˈele,0.384,0.352,0.9166666666666666
14,5,"jˈeɪ,",0.384,0.352,0.9166666666666666
14,6,tˌokmaɪ,0.384,0.288,0.7499999999999999
14,7,dˌeskopeɾˈeaw,0.416,0.448,1.076923076923077
14,8,dˈelitʃˌiɪle,0.384,0.384,1.0
14,9,tˌelevizjˈuniɪ,0.384,0.352,0.9166666666666666
14,10,pɾin,0.384,0.416,1.0833333333333333
14,11,sˌatelˈit,0.416,0.576,1.3846153846153846
14,12,ʃi,0.384,0.448,1.1666666666666667
14,13,tˈot,0.384,0.096,0.25
14,14,bˌutonˈaʊ,0.384,0.288,0.7499999999999999
14,15,dˌela,0.416,0.352,0.8461538461538461
14,16,un,0.384,0.384,1.0
14,17,pˈost,0.384,0.352,0.9166666666666666
14,18,la,0.384,0.256,0.6666666666666666
14,19,ˈaltul.,0.416,0.416,1.0
15,0,jeɾˌa,0.352,0.736,2.090909090909091
15,1,ˈepokˌa,0.352,0.608,1.7272727272727273
15,2,ɨn,0.352,0.384,1.090909090909091
15,3,kˌaɾe,0.384,0.352,0.9166666666666666
15,4,o,0.352,0.352,1.0
15,5,ˌɨntɨlnˈise,0.352,0.096,0.27272727272727276
15,6,pe,0.384,0.032,0.08333333333333333
15,7,"jˈa,",0.352,0.256,0.7272727272727273
15,8,femˈeja,0.352,0.32,0.9090909090909092
15,9,"mˌisteɾjɔˈasə,",0.384,0.384,1.0
15,10,ɨn,0.352,0.224,0.6363636363636365
15,11,oɾˈaʃul,0.352,0.32,0.9090909090909092
15,12,atʃˌela,0.384,0.224,0.5833333333333334
15,13,"tʃetˈat,",0.352,0.416,1.1818181818181819
15,14,ˌaʃezˈat,0.352,0.352,1.0
15,15,pɾekˈum,0.384,0.384,1.0
15,16,o,0.352,0.352,1.0
15,17,kunˈunə,0.352,0.384,1.090909090909091
15,18,pe,0.384,0.32,0.8333333333333334
15,19,un,0.352,0.352,1.0
15,20,mˈunte,0.352,0.32,0.9090909090909092
15,21,stɨnkˈos.,0.384,0.544,1.4166666666666667
16,0,aʊ,0.384,0.96,2.5
16,1,ɨntˈins,0.416,0.352,0.8461538461538461
16,2,ˌaʃadˈar,0.416,0.48,1.153846153846154
16,3,un,0.416,0.416,1.0
16,4,kˈort,0.416,0.416,1.0
16,5,pˌentɾu,0.416,0.416,1.0
16,6,ˌabsalˈom,0.416,0.416,1.0
16,7,pe,0.416,0.32,0.7692307692307693
16,8,"ˌakopeɾˈiʃ,",0.416,0.48,1.153846153846154
16,9,jˈar,0.416,0.256,0.6153846153846154
16,10,atʃˌesta,0.416,0.32,0.7692307692307693
16,11,a,0.416,0.32,0.7692307692307693
16,12,intɾˈat,0.416,0.32,0.7692307692307693
16,13,la,0.416,0.352,0.8461538461538461
16,14,tsˌiɪtɔaɾˈele,0.416,0.512,1.2307692307692308
16,15,tatˈəluɪ,0.416,0.416,1.0
16,16,səʊ,0.416,0.096,0.23076923076923078
16,17,sˈub,0.416,0.288,0.6923076923076923
16,18,pɾivˈiɾea,0.416,0.384,0.9230769230769231
16,19,ɨntɾˈeɡuluɪ,0.416,0.384,0.9230769230769231
16,20,ˌisɾaˈel.,0.416,0.544,1.307692307692308
17,0,jel,0.384,0.32,0.8333333333333334
17,1,a,0.416,0.256,0.6153846153846154
17,2,fˌortifikˈat,0.384,0.384,1.0
17,3,rˈama,0.416,0.32,0.7692307692307693
17,4,ka,0.384,0.288,0.7499999999999999
17,5,sə,0.416,0.256,0.6153846153846154
17,6,nu,0.416,0.416,1.0
17,7,dˈea,0.384,0.352,0.9166666666666666
17,8,vˈoje,0.416,0.384,0.9230769230769231
17,9,nˌimənˈuɪ,0.384,0.256,0.6666666666666666
17,10,sə,0.416,0.448,1.076923076923077
17,11,jˈasə,0.416,0.352,0.8461538461538461
17,12,saʊ,0.384,0.48,1.25
17,13,sə,0.416,0.32,0.7692307692307693
17,14,ˈintɾe,0.384,0.192,0.5
17,15,ɨn,0.416,0.224,0.5384615384615385
17,16,tˌeɾitoɾˈiʊl,0.416,0.448,1.076923076923077
17,17,luɪ,0.384,0.32,0.8333333333333334
17,18,"ˈasa,",0.416,0.64,1.5384615384615385
17,19,redʒˈele,0.384,0.32,0.8333333333333334
17,20,luɪ,0.416,0.384,0.9230769230769231
17,21,jˈuda.,0.416,0.448,1.076923076923077
18,0,ˌoɾʲtʃˌine,0.416,0.416,1.0
18,1,nul,0.416,0.48,1.153846153846154
18,2,kˌəutˈa,0.416,0.352,0.8461538461538461
18,3,pe,0.416,0.448,1.076923076923077
18,4,dˈomnul,0.416,0.416,1.0
18,5,dˌumnezˈeul,0.416,0.384,0.9230769230769231
18,6,luɪ,0.416,0.48,1.153846153846154
18,7,ˌisɾaˈel,0.416,0.288,0.6923076923076923
18,8,tɾˌebujˈa,0.416,0.032,0.07692307692307693
18,9,sə,0.416,0.288,0.6923076923076923
18,10,fˌiʲe,0.416,0.416,1.0
18,11,"ˌomoɾˈɨt,",0.416,0.352,0.8461538461538461
18,12,fˌiʲe,0.416,0.416,1.0
18,13,kə,0.416,0.384,0.9230769230769231
18,14,jeɾˌa,0.416,0.448,1.076923076923077
18,15,mˈik,0.416,0.352,0.8461538461538461
18,16,saʊ,0.416,0.416,1.0
18,17,"mˈaɾe,",0.416,0.352,0.8461538461538461
18,18,bərbˈat,0.416,0.448,1.076923076923077
18,19,saʊ,0.416,0.384,0.9230769230769231
18,20,femˈeje.,0.448,0.48,1.0714285714285714
19,0,ɨn,0.32,0.32,1.0
19,1,a,0.32,0.288,0.8999999999999999
19,2,tʃˈintʃea,0.32,0.224,0.7
19,3,zˈi,0.32,0.064,0.2
19,4,sa,0.352,0.288,0.8181818181818181
19,5,skulˈat,0.32,0.288,0.8999999999999999
19,6,dˌiminˈeatsə,0.32,0.288,0.8999999999999999
19,7,ka,0.32,0.32,1.0
19,8,sə,0.352,0.32,0.9090909090909092
19,9,"plˈetʃe,",0.32,0.32,1.0
19,10,dar,0.32,0.288,0.8999999999999999
19,11,tˈatəl,0.32,0.352,1.0999999999999999
19,12,fˈeteɪ,0.352,0.32,0.9090909090909092
19,13,a,0.32,0.288,0.8999999999999999
19,14,"zˈis,",0.32,0.736,2.3
19,15,te,0.32,0.192,0.6
19,16,"rˈoɡ,",0.352,0.224,0.6363636363636365
19,17,maɪ,0.32,0.224,0.7
19,18,stˈaɪ,0.32,0.192,0.6
19,19,la,0.32,0.16,0.5
19,20,mˈine,0.352,0.352,1.0
19,21,ka,0.32,0.256,0.8
19,22,sətsʲʲ,0.32,0.288,0.8999999999999999
19,23,refˈatʃʲ,0.32,0.288,0.8999999999999999
19,24,putˈeɾʲile.,0.352,0.384,1.090909090909091
20,0,atʃˌesta,0.352,0.384,1.090909090909091
20,1,a,0.352,0.288,0.8181818181818181
20,2,sunˈat,0.352,0.352,1.0
20,3,din,0.384,0.352,0.9166666666666666
20,4,tɾˈɨmbitsˌə,0.352,0.384,1.090909090909091
20,5,ʃʲa,0.352,0.352,1.0
20,6,"zˈis,",0.384,0.16,0.4166666666666667
20,7,noj,0.352,0.032,0.09090909090909091
20,8,nu,0.352,0.256,0.7272727272727273
20,9,avˌem,0.384,0.448,1.1666666666666667
20,10,nˌitʃo,0.352,0.384,1.090909090909091
20,11,pˈarte,0.352,0.288,0.8181818181818181
20,12,de,0.352,0.384,1.090909090909091
20,13,mˌoʃtenˈiɾe,0.384,0.384,1.0
20,14,ɨn,0.352,0.288,0.8181818181818181
20,15,"dˈavid,",0.352,0.352,1.0
20,16,navˌem,0.384,0.32,0.8333333333333334
20,17,nˌitʃo,0.352,0.512,1.4545454545454546
20,18,mˌoʃtenˈiɾe,0.352,0.416,1.1818181818181819
20,19,ɨn,0.384,0.384,1.0
20,20,fˈiʊl,0.352,0.224,0.6363636363636365
20,21,luɪ,0.352,0.352,1.0
20,22,iʃˈaɪ.,0.384,0.416,1.0833333333333333
21,0,aʊ,0.32,0.384,1.2
21,1,venˈit,0.352,0.32,0.9090909090909092
21,2,"dˈetʃʲ,",0.352,0.32,0.9090909090909092
21,3,aʊ,0.352,0.416,1.1818181818181819
21,4,kemˈat,0.352,0.288,0.8181818181818181
21,5,stɾˈəʒeɾˌiɪ,0.352,0.416,1.1818181818181819
21,6,dˌela,0.32,0.32,1.0
21,7,pˈɔarta,0.352,0.32,0.9090909090909092
21,8,tʃetˈətsiɪ,0.352,0.416,1.1818181818181819
21,9,ʃi,0.352,0.416,1.1818181818181819
21,10,leaʊ,0.352,0.384,1.090909090909091
21,11,"zˈis,",0.352,0.288,0.8181818181818181
21,12,noj,0.32,0.16,0.5
21,13,am,0.352,0.288,0.8181818181818181
21,14,intɾˈat,0.352,0.352,1.0
21,15,ɨn,0.352,0.384,1.090909090909091
21,16,tˈabəɾˌa,0.352,0.48,1.3636363636363638
21,17,ˌaɾamˈeɪlor,0.352,0.224,0.6363636363636365
21,18,ʃi,0.32,0.192,0.6
21,19,jˈatə,0.352,0.128,0.36363636363636365
21,20,kə,0.352,0.256,0.7272727272727273
21,21,nu,0.352,0.384,1.090909090909091
21,22,jeɾˌa,0.352,0.288,0.8181818181818181
21,23,nˌimenʲˌʲ,0.352,0.288,0.8181818181818181
21,24,akˈolo.,0.352,0.384,1.090909090909091
22,0,kˈyɪniɪ,0.32,0.32,1.0
22,1,ˌɨi,0.32,0.256,0.8
22,2,vor,0.32,0.288,0.8999999999999999
22,3,devˈoɾa,0.32,0.32,1.0
22,4,pe,0.352,0.32,0.9090909090909092
22,5,tʃeɪ,0.32,0.224,0.7
22,6,aɪ,0.32,0.256,0.8
22,7,luɪ,0.32,0.32,1.0
22,8,"bˈaʃa,",0.352,0.32,0.9090909090909092
22,9,kˌaɾe,0.32,0.32,1.0
22,10,vor,0.32,0.32,1.0
22,11,murˈi,0.32,0.224,0.7
22,12,ɨn,0.32,0.32,1.0
22,13,"tʃetˈate,",0.352,0.384,1.090909090909091
22,14,jˈar,0.32,0.192,0.6
22,15,pˈəsəɾʲˌile,0.32,0.32,1.0
22,16,tʃˈeruluɪ,0.32,0.32,1.0
22,17,ˌɨi,0.352,0.352,1.0
22,18,vor,0.32,0.256,0.8
22,19,devˈoɾa,0.32,0.096,0.3
22,20,pe,0.32,0.192,0.6
22,21,tʃeɪ,0.32,0.288,0.8999999999999999
22,22,kˌaɾe,0.352,0.384,1.090909090909091
22,23,vor,0.32,0.352,1.0999999999999999
22,24,murˈi,0.32,0.32,1.0
22,25,pe,0.32,0.288,0.8999999999999999
22,26,kˈɨmp.,0.352,0.32,0.9090909090909092
23,0,din,0.544,0.512,0.9411764705882353
23,1,"jˈuda,",0.544,0.512,0.9411764705882353
23,2,kˌəpetenˈiɪle,0.576,0.608,1.0555555555555556
23,3,pˈeste,0.544,0.48,0.8823529411764705
23,4,mˈiɪ,0.576,0.352,0.6111111111111112
23,5,jeɾˌaʊ,0.544,0.192,0.3529411764705882
23,6,kˌəpetˈenja,0.576,0.288,0.5
23,7,"ˈadna,",0.544,0.544,1.0
23,8,ˌɨnsotsˈit,0.576,0.224,0.38888888888888895
23,9,de,0.544,0.192,0.3529411764705882
23,10,tɾˈeɪsˈute.zˈeɾozˈeɾo,0.576,0.512,0.888888888888889
23,11,zˈeɾo,0.544,0.992,1.8235294117647058
23,12,de,0.576,0.608,1.0555555555555556
23,13,rˌəzboinˈitʃʲ,0.544,0.576,1.0588235294117645
23,14,vitˈeʒʲʲ.,0.576,0.64,1.1111111111111112
24,0,fˈiɪlor,0.384,0.32,0.8333333333333334
24,1,luɪ,0.384,0.32,0.8333333333333334
24,2,ˌisɾaˈel,0.416,0.416,1.0
24,3,le,0.384,0.064,0.16666666666666666
24,4,pəɾˈea,0.416,0.256,0.6153846153846154
24,5,rˈəʊ,0.384,0.352,0.9166666666666666
24,6,de,0.384,0.416,1.0833333333333333
24,7,fɾatˈele,0.416,0.384,0.9230769230769231
24,8,lor,0.384,0.352,0.9166666666666666
24,9,bˌenjamˈin,0.416,0.352,0.8461538461538461
24,10,ʃi,0.384,0.416,1.0833333333333333
24,11,"zitʃˈeaw,",0.384,0.224,0.5833333333333334
24,12,ˈastəzʲˌʲ,0.416,0.192,0.46153846153846156
24,13,a,0.384,0.384,1.0
24,14,fost,0.416,0.512,1.2307692307692308
24,15,nˌimitʃˈitə,0.384,0.416,1.0833333333333333
24,16,o,0.384,0.288,0.7499999999999999
24,17,semˈintsje,0.416,0.32,0.7692307692307693
24,18,din,0.384,0.32,0.8333333333333334
24,19,ˌisɾaˈel.,0.416,0.512,1.2307692307692308
25,0,tˈineɾˌiɪ,0.384,0.416,1.0833333333333333
25,1,kˌaɾe,0.416,0.448,1.076923076923077
25,2,kˌopilˌəɾisˈeɾə,0.416,0.448,1.076923076923077
25,3,ˌɨmpɾeˈunə,0.416,0.288,0.6923076923076923
25,4,ku,0.416,0.352,0.8461538461538461
25,5,jel,0.416,0.192,0.46153846153846156
25,6,ˈiʲaʊ,0.416,0.352,0.8461538461538461
25,7,"rəspˈuns,",0.416,0.32,0.7692307692307693
25,8,ˌatʃestˈuɪ,0.416,0.032,0.07692307692307693
25,9,popˈor,0.416,0.192,0.46153846153846156
25,10,kˌaɾe,0.416,0.448,1.076923076923077
25,11,tsiʲa,0.416,0.32,0.7692307692307693
25,12,"zˈis,",0.416,0.416,1.0
25,13,tˈatəl,0.416,0.416,1.0
25,14,təʊ,0.416,0.256,0.6153846153846154
25,15,nea,0.416,0.448,1.076923076923077
25,16,ˌɨŋɡɾeunˈat,0.416,0.48,1.153846153846154
25,17,"ʒˈuɡul,",0.416,0.32,0.7692307692307693
25,18,dˈoɪspɾezˌetʃe.,0.416,0.8,1.9230769230769234
26,0,ilˈiʲe,0.384,0.352,0.9166666666666666
26,1,lea,0.416,0.448,1.076923076923077
26,2,zˈis,0.416,0.48,1.153846153846154
26,3,pɾˌofetsʲˈilor,0.416,0.384,0.9230769230769231
26,4,luɪ,0.416,0.416,1.0
26,5,"baˈal,",0.416,0.352,0.8461538461538461
26,6,alˈedʒetsʲˌivə,0.416,0.032,0.07692307692307693
26,7,un,0.416,0.448,1.076923076923077
26,8,taˈur,0.416,0.384,0.9230769230769231
26,9,ʃi,0.416,0.256,0.6153846153846154
26,10,pɾˌeɡətˈitsʲʲl,0.416,0.128,0.3076923076923077
26,11,voj,0.416,0.352,0.8461538461538461
26,12,maɪ,0.416,0.352,0.8461538461538461
26,13,"ɨntˈyɪ,",0.416,0.32,0.7692307692307693
26,14,pˌentɾu,0.416,0.448,1.076923076923077
26,15,kə,0.416,0.416,1.0
26,16,sˌuntetsʲˌʲ,0.416,0.384,0.9230769230769231
26,17,maɪ,0.416,0.416,1.0
26,18,mˈultsʲʲ.,0.416,0.384,0.9230769230769231
27,0,sˈaʊl,0.352,0.256,0.7272727272727273
27,1,a,0.384,0.352,0.9166666666666666
27,2,tɾimˈis,0.384,0.384,1.0
27,3,la,0.352,0.32,0.9090909090909092
27,4,iʃˈaɪ,0.384,0.384,1.0
27,5,səɪ,0.384,0.352,0.9166666666666666
27,6,"spˈunə,",0.384,0.032,0.08333333333333333
27,7,dˈəj,0.352,0.16,0.4545454545454546
27,8,vˈoje,0.384,0.32,0.8333333333333334
27,9,luɪ,0.384,0.32,0.8333333333333334
27,10,dˈavid,0.384,0.384,1.0
27,11,sə,0.352,0.48,1.3636363636363638
27,12,rəmˈɨnə,0.384,0.352,0.9166666666666666
27,13,ɨn,0.384,0.288,0.7499999999999999
27,14,slˈuʒba,0.384,0.416,1.0833333333333333
27,15,"mˈea,",0.352,0.32,0.9090909090909092
27,16,pˌentɾu,0.384,0.32,0.8333333333333334
27,17,kə,0.384,0.416,1.0833333333333333
27,18,a,0.384,0.416,1.0833333333333333
27,19,ɡəsˈit,0.352,0.32,0.9090909090909092
27,20,bˌunəvoˈintsə,0.384,0.32,0.8333333333333334
27,21,ˌɨnaˈintea,0.384,0.224,0.5833333333333334
27,22,mˈea.,0.384,0.416,1.0833333333333333
28,0,tʃˈintʃʲ,0.352,0.608,1.7272727272727273
28,1,atˈuntʃʲ,0.384,0.832,2.1666666666666665
28,2,hanˈun,0.352,0.224,0.6363636363636365
28,3,ˈiʲa,0.384,0.128,0.3333333333333333
28,4,lwˈat,0.352,0.032,0.09090909090909091
28,5,pe,0.384,0.416,1.0833333333333333
28,6,slˌuʒitˈoɾiɪ,0.352,0.352,1.0
28,7,luɪ,0.384,0.352,0.9166666666666666
28,8,"dˈavid,",0.352,0.448,1.272727272727273
28,9,jˈar,0.384,0.32,0.8333333333333334
28,10,"ˈas,",0.352,0.32,0.9090909090909092
28,11,lea,0.384,0.032,0.08333333333333333
28,12,təjˈat,0.352,0.384,1.090909090909091
28,13,haɪnˈele,0.384,0.32,0.8333333333333334
28,14,pe,0.352,0.352,1.0
28,15,ʒˌumətˈate,0.384,0.416,1.0833333333333333
28,16,pˈɨnə,0.352,0.256,0.7272727272727273
28,17,la,0.384,0.256,0.6666666666666666
28,18,bɾˈyʊ,0.352,0.352,1.0
28,19,ʃi,0.384,0.16,0.4166666666666667
28,20,lea,0.352,0.224,0.6363636363636365
28,21,dˈat,0.384,0.416,1.0833333333333333
28,22,drumul.,0.384,0.416,1.0833333333333333
29,0,aʊ,0.288,0.224,0.7777777777777779
29,1,mˈers,0.288,0.256,0.888888888888889
29,2,pe,0.32,0.32,1.0
29,3,ˈurma,0.288,0.288,1.0
29,4,lor,0.32,0.32,1.0
29,5,pˈɨnə,0.288,0.288,1.0
29,6,la,0.32,0.288,0.8999999999999999
29,7,jordˈan,0.288,0.064,0.22222222222222224
29,8,ʃi,0.32,0.32,1.0
29,9,jˈatə,0.288,0.288,1.0
29,10,kə,0.32,0.288,0.8999999999999999
29,11,tˈot,0.288,0.256,0.888888888888889
29,12,drumul,0.32,0.32,1.0
29,13,jeɾˌa,0.288,0.224,0.7777777777777779
29,14,plˈin,0.288,0.256,0.888888888888889
29,15,ku,0.32,0.288,0.8999999999999999
29,16,hˈaɪne,0.288,0.32,1.1111111111111112
29,17,ʃi,0.32,0.32,1.0
29,18,ku,0.288,0.32,1.1111111111111112
29,19,lukɾˈurʲ,0.32,0.352,1.0999999999999999
29,20,pe,0.288,0.384,1.3333333333333335
29,21,kˌaɾe,0.32,0.32,1.0
29,22,le,0.288,0.288,1.0
29,23,ˌaɾunkˈase,0.32,0.256,0.8
29,24,ˌaɾamˈeiɪ,0.288,0.16,0.5555555555555556
29,25,ɨn,0.32,0.192,0.6
29,26,ɡˈɔana,0.288,0.288,1.0
29,27,lˈor.,0.32,0.32,1.0
30,0,de,0.416,0.448,1.076923076923077
30,1,"asˈemenˌea,",0.416,0.416,1.0
30,2,jel,0.448,0.256,0.5714285714285714
30,3,a,0.416,0.352,0.8461538461538461
30,4,ˌɨntɾebˈat,0.448,0.448,1.0
30,5,pe,0.416,0.416,1.0
30,6,tʃˌinevˈa,0.448,0.448,1.0
30,7,kˌaɾe,0.416,0.384,0.9230769230769231
30,8,kˈeamə,0.448,0.448,1.0
30,9,duhˈurile,0.416,0.384,0.9230769230769231
30,10,"mortsʲˈilor,",0.448,0.448,1.0
30,11,tʃeɾˈɨnd,0.416,0.224,0.5384615384615385
30,12,"kˌələʊzˈiɾe,",0.448,0.352,0.7857142857142857
30,13,ʃi,0.416,0.448,1.076923076923077
30,14,nu,0.448,0.224,0.5
30,15,la,0.416,0.384,0.9230769230769231
30,16,kˌəutˈat,0.448,0.352,0.7857142857142857
30,17,pe,0.416,0.384,0.9230769230769231
30,18,dˈomnul.,0.448,0.448,1.0
31,0,ɨn,0.352,0.384,1.090909090909091
31,1,tˈimp,0.384,0.384,1.0
31,2,tʃe,0.384,0.384,1.0
31,3,redʒˈele,0.384,0.32,0.8333333333333334
31,4,luɪ,0.384,0.352,0.9166666666666666
31,5,ˌisɾaˈel,0.384,0.384,1.0
31,6,tɾetʃˈea,0.384,0.384,1.0
31,7,pe,0.352,0.16,0.4545454545454546
31,8,"zˈid,",0.384,0.384,1.0
31,9,o,0.384,0.32,0.8333333333333334
31,10,femˈeje,0.384,0.384,1.0
31,11,a,0.384,0.352,0.9166666666666666
31,12,stɾiɡˈat,0.384,0.416,1.0833333333333333
31,13,kˈətɾe,0.384,0.256,0.6666666666666666
31,14,jel,0.352,0.096,0.27272727272727276
31,15,"zikˈɨnd,",0.384,0.32,0.8333333333333334
31,16,"aʒˈutəmə,",0.384,0.16,0.4166666666666667
31,17,o,0.384,0.512,1.3333333333333333
31,18,redʒˈe,0.384,0.32,0.8333333333333334
31,19,stəpˈɨnul,0.384,0.352,0.9166666666666666
31,20,mˈeu!,0.384,0.416,1.0833333333333333
32,0,ˈɔamenˌiɪ,0.32,0.416,1.2999999999999998
32,1,aʒˈunʃʲʲ,0.32,0.416,1.2999999999999998
32,2,pe,0.32,0.384,1.2
32,3,pˈanta,0.32,0.352,1.0999999999999999
32,4,kˌoboɾətˈɔaɾe,0.32,0.32,1.0
32,5,a,0.32,0.256,0.8
32,6,vjˈetsiɪ,0.32,0.256,0.8
32,7,sunt,0.32,0.256,0.8
32,8,"ˌistovˈitsʲʲ,",0.352,0.32,0.9090909090909092
32,9,rˈoʃʲʲ,0.32,0.32,1.0
32,10,de,0.32,0.256,0.8
32,11,bˈolʲʲ,0.32,0.288,0.8999999999999999
32,12,"skyɪtˈɔaɾe,",0.32,0.288,0.8999999999999999
32,13,ˌinkapˈabilʲˌʲ,0.32,0.32,1.0
32,14,sə,0.32,0.256,0.8
32,15,skɾutˈeze,0.32,0.352,1.0999999999999999
32,16,"viɪtˈorul,",0.32,0.288,0.8999999999999999
32,17,dˌela,0.352,0.32,0.9090909090909092
32,18,kˌaɾe,0.32,0.32,1.0
32,19,ʃtˈiʊ,0.32,0.288,0.8999999999999999
32,20,kə,0.32,0.32,1.0
32,21,nu,0.32,0.32,1.0
32,22,maɪ,0.32,0.256,0.8
32,23,aʊ,0.32,0.224,0.7
32,24,nimˈik,0.32,0.192,0.6
32,25,de,0.32,0.32,1.0
32,26,ˌaʃteptˈat.,0.352,0.416,1.1818181818181819
33,0,nˈumaɪ,0.32,0.32,1.0
33,1,jel,0.352,0.288,0.8181818181818181
33,2,ʃi,0.32,0.384,1.2
33,3,ku,0.352,0.448,1.272727272727273
33,4,sˌuveɾˈanul,0.352,0.288,0.8181818181818181
33,5,pontˈif,0.32,0.352,1.0999999999999999
33,6,ˈɨʃʲʲ,0.352,0.48,1.3636363636363638
33,7,dədˈeaw,0.352,0.352,1.0
33,8,sˈeama,0.32,0.352,1.0999999999999999
33,9,de,0.352,0.352,1.0
33,10,ˌurməɾʲˈile,0.32,0.384,1.2
33,11,ɡɾˈave,0.352,0.352,1.0
33,12,pe,0.352,0.416,1.1818181818181819
33,13,kˌaɾe,0.32,0.32,1.0
33,14,lear,0.352,0.224,0.6363636363636365
33,15,putˌea,0.352,0.128,0.36363636363636365
33,16,avˌea,0.32,0.256,0.8
33,17,pˌentɾu,0.352,0.288,0.8181818181818181
33,18,ˌeuɾˈopa,0.32,0.288,0.8999999999999999
33,19,kədˈeɾea,0.352,0.32,0.9090909090909092
33,20,kˌonstantˌinopolˈeluɪ,0.352,0.256,0.7272727272727273
33,21,ɨn,0.32,0.16,0.5
33,22,mˈɨna,0.352,0.32,0.9090909090909092
33,23,turtʃˈilor.,0.352,0.448,1.272727272727273
34,0,tɾˌimisˈese,0.352,0.416,1.1818181818181819
34,1,la,0.384,0.544,1.4166666666666667
34,2,rˈoma,0.352,0.256,0.7272727272727273
34,3,pe,0.384,0.288,0.7499999999999999
34,4,fɾˈa,0.384,0.256,0.6666666666666666
34,5,dʒjovˈannʲʲ,0.352,0.352,1.0
34,6,dˈa,0.384,0.32,0.8333333333333334
34,7,"romˈano,",0.352,0.128,0.36363636363636365
34,8,fɾˌantʃiskˈanul,0.384,0.352,0.9166666666666666
34,9,ˌɨnkizitˈor,0.384,0.384,1.0
34,10,ʃiʲ,0.352,0.288,0.8181818181818181
34,11,adʒˈentul,0.384,0.224,0.5833333333333334
34,12,səʊ,0.384,0.224,0.5833333333333334
34,13,de,0.352,0.256,0.7272727272727273
34,14,ˌɨnkɾedˈeɾe,0.384,0.288,0.7499999999999999
34,15,ɨn,0.352,0.32,0.9090909090909092
34,16,kˌestjunʲˈile,0.384,0.384,1.0
34,17,leɡˈate,0.384,0.416,1.0833333333333333
34,18,de,0.352,0.416,1.1818181818181819
34,19,sfˈɨntul,0.384,0.416,1.0833333333333333
34,20,skˈaʊn.,0.384,0.48,1.25
35,0,flˈəkəɾʲˌile,0.352,0.352,1.0
35,1,tortsˈelor,0.352,0.32,0.9090909090909092
35,2,ɨnfˈipte,0.352,0.416,1.1818181818181819
35,3,ɨn,0.352,0.384,1.090909090909091
35,4,sˌuportˈurʲ,0.352,0.352,1.0
35,5,de,0.352,0.352,1.0
35,6,"fjˈer,",0.352,0.352,1.0
35,7,jeɾˌaʊ,0.384,0.288,0.7499999999999999
35,8,smˈulse,0.352,0.256,0.7272727272727273
35,9,ɨnkˈɔatʃe,0.352,0.352,1.0
35,10,ʃiʲ,0.352,0.48,1.3636363636363638
35,11,"ɨnkˈolo,",0.352,0.288,0.8181818181818181
35,12,de,0.352,0.16,0.4545454545454546
35,13,kˌuɾentˈele,0.352,0.352,1.0
35,14,ˌɨŋɡetsˈate,0.352,0.352,1.0
35,15,de,0.384,0.416,1.0833333333333333
35,16,"ˈaɪer,",0.352,0.352,1.0
35,17,kˌaɾe,0.352,0.384,1.090909090909091
35,18,se,0.352,0.288,0.8181818181818181
35,19,vˌɨnzolˈeaw,0.352,0.256,0.7272727272727273
35,20,pɾin,0.352,0.256,0.7272727272727273
35,21,uɾjˈaʃa,0.352,0.32,0.9090909090909092
35,22,ˌɨnkəpˈeɾe.,0.384,0.448,1.1666666666666667
36,0,tʃˌeilˈaltsʲʲ,0.416,0.448,1.076923076923077
36,1,fɾˈatseɪ,0.448,1.12,2.5
36,2,luɪ,0.448,0.416,0.9285714285714285
36,3,jeɾˌaʊ,0.416,0.288,0.6923076923076923
36,4,ʃi,0.448,0.16,0.35714285714285715
36,5,maɪ,0.448,0.16,0.35714285714285715
36,6,"ɡˈoj,",0.416,0.48,1.153846153846154
36,7,"sˌufletˈeʃte,",0.448,0.032,0.07142857142857142
36,8,plˈinʲʲ,0.448,0.352,0.7857142857142857
36,9,de,0.416,0.352,0.8461538461538461
36,10,"ifˈose,",0.448,0.48,1.0714285714285714
36,11,"kˌapɾitʃˈoʃʲʲ,",0.448,0.288,0.6428571428571428
36,12,"vjolˈentsʲʲ,",0.416,0.128,0.3076923076923077
36,13,sˌokotˈeaw,0.448,0.384,0.8571428571428571
36,14,kə,0.448,0.384,0.8571428571428571
36,15,tˈotul,0.416,0.416,1.0
36,16,lˈi,0.448,0.416,0.9285714285714285
36,17,se,0.448,0.416,0.9285714285714285
36,18,kuvˈine.,0.448,0.512,1.1428571428571428
37,0,"redʒˈina,",0.512,0.544,1.0625
37,1,ulwˈite,0.512,0.16,0.3125
37,2,de,0.544,0.608,1.1176470588235292
37,3,atʃˌeastə,0.512,0.544,1.0625
37,4,nˌeaʃteptˈatə,0.512,0.48,0.9375
37,5,eksplˈozje,0.544,0.608,1.1176470588235292
37,6,de,0.512,0.512,1.0
37,7,"ˌaʊtoɾitˈate,",0.512,0.448,0.875
37,8,ˈɨʃʲʲ,0.544,0.512,0.9411764705882353
37,9,retɾaktˈase,0.512,0.512,1.0
37,10,"poɾˈunka,",0.512,0.32,0.625
37,11,fəkˈɨnduʃʲ,0.544,0.448,0.8235294117647058
37,12,fiɾˈeʃtʲʲ,0.512,0.448,0.875
37,13,rezˈerve,0.512,0.32,0.625
37,14,mentˈale.,0.544,0.48,0.8823529411764705
38,0,poˈetul,0.352,0.32,0.9090909090909092
38,1,dˌiplomˈat,0.352,0.384,1.090909090909091
38,2,dibˈuɪ,0.352,0.192,0.5454545454545455
38,3,o,0.352,0.224,0.6363636363636365
38,4,lˌibɾəɾˈiʲe,0.384,0.224,0.5833333333333334
38,5,ku,0.352,0.32,0.9090909090909092
38,6,raftˈurile,0.352,0.352,1.0
38,7,ˌɨnkərkˈate,0.352,0.32,0.9090909090909092
38,8,de,0.352,0.352,1.0
38,9,kˈərtsʲʲ,0.384,0.32,0.8333333333333334
38,10,leɡˈate,0.352,0.384,1.090909090909091
38,11,ɨn,0.352,0.416,1.1818181818181819
38,12,pjˈele,0.352,0.256,0.7272727272727273
38,13,ʃi,0.384,0.384,1.0
38,14,ku,0.352,0.384,1.090909090909091
38,15,mˌanuskɾˈise,0.352,0.448,1.272727272727273
38,16,fəkˈute,0.352,0.256,0.7272727272727273
38,17,"sˈul,",0.352,0.288,0.8181818181818181
38,18,ˌoɾɨndwˈite,0.384,0.448,1.1666666666666667
38,19,pɾin,0.352,0.32,0.9090909090909092
38,20,dˌulapˈurʲ,0.352,0.256,0.7272727272727273
38,21,ku,0.352,0.352,1.0
38,22,dʒeamˈurʲ.,0.384,0.352,0.9166666666666666
39,0,fɾˈasiɪ,0.352,0.352,1.0
39,1,təɪ,0.384,0.416,1.0833333333333333
39,2,maɪ,0.352,0.32,0.9090909090909092
39,3,vɨrstnˈitʃʲ,0.384,0.096,0.25
39,4,mˌɨnwiʲˈesk,0.384,0.352,0.9166666666666666
39,5,ku,0.352,0.288,0.8181818181818181
39,6,dˌibətʃˈiʲe,0.384,0.256,0.6666666666666666
39,7,armˈele,0.384,0.32,0.8333333333333334
39,8,ʃiʲ,0.352,0.288,0.8181818181818181
39,9,aʊ,0.384,0.448,1.1666666666666667
39,10,dˈat,0.384,0.416,1.0833333333333333
39,11,ɨn,0.352,0.384,1.090909090909091
39,12,repetˈate,0.384,0.32,0.8333333333333334
39,13,rˈɨnd,0.352,0.384,1.090909090909091
39,14,ˌurdovˈatə,0.384,0.32,0.8333333333333334
39,15,de,0.384,0.416,1.0833333333333333
39,16,"ˌɨndɾəznˈealə,",0.352,0.288,0.8181818181818181
39,17,tˌenatʃitˈate,0.384,0.32,0.8333333333333334
39,18,ʃi,0.384,0.16,0.4166666666666667
39,19,spˈiɾit,0.352,0.352,1.0
39,20,de,0.384,0.416,1.0833333333333333
39,21,ˌinitsjatˈivə.,0.384,0.416,1.0833333333333333
40,0,ɨn,0.384,0.416,1.0833333333333333
40,1,ɔalˈele,0.384,0.416,1.0833333333333333
40,2,ɡˌospodinʲˈilor,0.384,0.384,1.0
40,3,jeɾˌaʊ,0.384,0.544,1.4166666666666667
40,4,pˈuʃʲʲ,0.384,0.352,0.9166666666666666
40,5,la,0.384,0.192,0.5
40,6,fjˈert,0.384,0.288,0.7499999999999999
40,7,ɡuzɡˈan,0.384,0.352,0.9166666666666666
40,8,ʃi,0.384,0.416,1.0833333333333333
40,9,"pisˈitʃʲ,",0.384,0.32,0.8333333333333334
40,10,ʃˈerpʲʲ,0.384,0.48,1.25
40,11,ʃi,0.384,0.416,1.0833333333333333
40,12,"ʃopˈɨrle,",0.384,0.384,1.0
40,13,vɾˈəbiɪ,0.384,0.288,0.7499999999999999
40,14,ʃi,0.384,0.288,0.7499999999999999
40,15,bufnˈise,0.384,0.288,0.7499999999999999
40,16,kˌaɾe,0.384,0.096,0.25
40,17,avˈeaw,0.384,0.384,1.0
40,18,o,0.384,0.448,1.1666666666666667
40,19,mˈaɾe,0.384,0.352,0.9166666666666666
40,20,kˌəutˈaɾe.,0.384,0.416,1.0833333333333333
41,0,sə,0.384,0.448,1.1666666666666667
41,1,ˌɨmplinˈesk,0.384,0.352,0.9166666666666666
41,2,ˈastəzʲˌʲ,0.416,0.384,0.9230769230769231
41,3,tʃˈinzetʃʲʃiʃˈapte,0.384,0.416,1.0833333333333333
41,4,de,0.384,0.384,1.0
41,5,zˈile,0.416,0.448,1.076923076923077
41,6,de,0.384,0.416,1.0833333333333333
41,7,kɨnd,0.384,0.416,1.0833333333333333
41,8,nˌeledʒjuˈitul,0.416,0.352,0.8461538461538461
41,9,pˌadiʃˈah,0.384,0.416,1.0833333333333333
41,10,nea,0.416,0.416,1.0
41,11,"ˌɨmpɾesuɾˈat,",0.384,0.384,1.0
41,12,lovˈindune,0.384,0.352,0.9166666666666666
41,13,ku,0.416,0.448,1.076923076923077
41,14,tˈɔate,0.384,0.352,0.9166666666666666
41,15,"ˌarmatˈele,",0.384,0.288,0.7499999999999999
41,16,tunˈurile,0.416,0.384,0.9230769230769231
41,17,ʃi,0.384,0.064,0.16666666666666666
41,18,mˌaʃinʲˈile,0.384,0.192,0.5
41,19,luɪ,0.416,0.416,1.0
41,20,de,0.384,0.416,1.0833333333333333
41,21,rəzbˈoj.,0.416,0.448,1.076923076923077
42,0,maɾˈele,0.448,0.48,1.0714285714285714
42,1,konsˈiliʊ,0.448,0.416,0.9285714285714285
42,2,al,0.448,0.544,1.2142857142857144
42,3,ˌimpeɾˈiʊluɪ,0.448,0.48,1.0714285714285714
42,4,a,0.448,0.512,1.1428571428571428
42,5,aʒˈuns,0.448,0.48,1.0714285714285714
42,6,sə,0.48,0.448,0.9333333333333333
42,7,ˈaɪbə,0.448,0.448,1.0
42,8,ˌatɾibutsˈiɪle,0.448,0.448,1.0
42,9,ˌunuɪ,0.448,0.448,1.0
42,10,sˈimplu,0.448,0.32,0.7142857142857143
42,11,konsˈiliʊ,0.448,0.448,1.0
42,12,"mˌunitʃipˈal,",0.48,0.448,0.9333333333333333
42,13,rostˈis,0.448,0.256,0.5714285714285714
42,14,odˈatə,0.448,0.352,0.7857142857142857
42,15,ˌaleksjˈos,0.448,0.384,0.8571428571428571
42,16,"lˌaskaɾˈis,",0.448,0.192,0.42857142857142855
42,17,pɾˌeʃedintˈele,0.448,0.48,1.0714285714285714
42,18,senˈatuluɪ.,0.48,0.544,1.1333333333333335
43,0,"jˈel,",0.384,0.448,1.1666666666666667
43,1,"portˈarul,",0.416,0.416,1.0
43,2,tɾˌimisˈese,0.384,0.128,0.3333333333333333
43,3,stɾˈəʒʲʲ,0.416,0.416,1.0
43,4,la,0.416,0.352,0.8461538461538461
43,5,hˈanul,0.384,0.416,1.0833333333333333
43,6,ˈunde,0.416,0.48,1.153846153846154
43,7,tɾəsˈese,0.384,0.448,1.1666666666666667
43,8,"tˈɨnərul,",0.416,0.416,1.0
43,9,spɾˈe,0.416,0.32,0.7692307692307693
43,10,aj,0.384,0.352,0.9166666666666666
43,11,tʃˌertʃetˈa,0.416,0.416,1.0
43,12,"ˌidentitˈatea,",0.384,0.224,0.5833333333333334
43,13,dar,0.416,0.896,2.153846153846154
43,14,atʃˌesta,0.416,0.352,0.8461538461538461
43,15,plekˈase,0.384,0.192,0.5
43,16,ɨn,0.416,0.096,0.23076923076923078
43,17,dˌiminˈeatsa,0.384,0.32,0.8333333333333334
43,18,ˌatʃelejˈaʃʲʲ,0.416,0.416,1.0
43,19,zˈile.,0.416,0.48,1.153846153846154
44,0,kɨtsˌʲva,0.32,0.32,1.0
44,1,dˈintɾe,0.32,0.352,1.0999999999999999
44,2,supˈuʃiɪ,0.32,0.32,1.0
44,3,"sˈəɪ,",0.352,0.288,0.8181818181818181
44,4,ku,0.32,0.16,0.5
44,5,renˈume,0.32,0.352,1.0999999999999999
44,6,ɨn,0.32,0.32,1.0
44,7,mɨnwˈiɾea,0.352,0.352,1.0
44,8,"armˈelor,",0.32,0.384,1.2
44,9,aʊ,0.32,0.352,1.0999999999999999
44,10,fost,0.32,0.32,1.0
44,11,tɾimˈitsʲʲ,0.352,0.416,1.1818181818181819
44,12,spɾˈe,0.32,0.352,1.0999999999999999
44,13,ˌaʃʲʲ,0.32,0.32,1.0
44,14,məsˈuɾa,0.32,0.128,0.4
44,15,putˈeɾʲile,0.352,0.256,0.7272727272727273
44,16,ku,0.32,0.32,1.0
44,17,vitˈeʒiɪ,0.32,0.32,1.0
44,18,təɪ,0.32,0.032,0.1
44,19,ʃi,0.352,0.32,0.9090909090909092
44,20,ku,0.32,0.352,1.0999999999999999
44,21,tʃˌeilˈaltsʲʲ,0.32,0.352,1.0999999999999999
44,22,kavˈaleɾʲˌʲ,0.32,0.32,1.0
44,23,kɾeʃtˈinʲʲ.,0.352,0.352,1.0
45,0,lukˈas,0.32,0.352,1.0999999999999999
45,1,"nˌotaɾˈas,",0.352,0.384,1.090909090909091
45,2,kˌaɾe,0.352,0.192,0.5454545454545455
45,3,vɨnˈeazə,0.32,0.288,0.8999999999999999
45,4,de,0.352,0.416,1.1818181818181819
45,5,mˈulte,0.352,0.352,1.0
45,6,vɾˈeme,0.352,0.416,1.1818181818181819
45,7,dˌemnitˈatea,0.32,0.384,1.2
45,8,de,0.352,0.384,1.090909090909091
45,9,mˈaɾe,0.352,0.352,1.0
45,10,"lˌoɡofˈət,",0.352,0.32,0.9090909090909092
45,11,se,0.32,0.192,0.6
45,12,lˈaudˌe,0.352,0.352,1.0
45,13,pɾˌetutˈindenʲˌʲ,0.352,0.32,0.9090909090909092
45,14,kə,0.352,0.288,0.8181818181818181
45,15,nu,0.32,0.416,1.2999999999999998
45,16,fˈak,0.352,0.032,0.09090909090909091
45,17,nˌitʃo,0.352,0.256,0.7272727272727273
45,18,miʃkˈaɾe,0.352,0.16,0.4545454545454546
45,19,fˈərə,0.32,0.224,0.7
45,20,səɪ,0.352,0.384,1.090909090909091
45,21,tʃˈer,0.352,0.32,0.9090909090909092
45,22,povˈatsa.,0.352,0.448,1.272727272727273
46,0,tˈot,0.352,0.352,1.0
46,1,umblˈɨnd,0.352,0.352,1.0
46,2,dˈupə,0.352,0.32,0.9090909090909092
46,3,lˈeʃul,0.384,0.384,1.0
46,4,"atʃˈestujˌa,",0.352,0.32,0.9090909090909092
46,5,ˈɨʃʲʲ,0.352,0.032,0.09090909090909091
46,6,maɪ,0.352,0.288,0.8181818181818181
46,7,afˈunda,0.384,0.224,0.5833333333333334
46,8,myɪnʲˈile,0.352,0.48,1.3636363636363638
46,9,ʃi,0.352,0.512,1.4545454545454546
46,10,pɾin,0.352,0.352,1.0
46,11,"bˌuzunaɾˈele,",0.384,0.352,0.9166666666666666
46,12,kˌimiɾˈele,0.352,0.32,0.9090909090909092
46,13,ʃi,0.352,0.384,1.090909090909091
46,14,puŋdʒˈile,0.352,0.288,0.8181818181818181
46,15,altˈor,0.384,0.32,0.8333333333333334
46,16,"mˈortsʲʲ,",0.352,0.352,1.0
46,17,aʃˈa,0.352,0.16,0.4545454545454546
46,18,ka,0.352,0.32,0.9090909090909092
46,19,sə,0.384,0.288,0.7499999999999999
46,20,nuʃʲ,0.352,0.352,1.0
46,21,pjˈerdə,0.352,0.416,1.1818181818181819
46,22,ˌobiʃnwˈintsa.,0.384,0.544,1.4166666666666667
47,0,sˌemilunʲˈile,0.416,0.448,1.076923076923077
47,1,kədˈeaw,0.416,0.384,0.9230769230769231
47,2,pe,0.416,0.384,0.9230769230769231
47,3,"stɾˈəzʲʲ,",0.416,0.384,0.9230769230769231
47,4,pe,0.416,0.32,0.7692307692307693
47,5,"ˌakopˌeɾiʃˈurʲ,",0.416,0.416,1.0
47,6,ɨn,0.416,0.448,1.076923076923077
47,7,"kˈurtsʲʲ,",0.416,0.416,1.0
47,8,jˈar,0.416,0.256,0.6153846153846154
47,9,ɨn,0.416,0.384,0.9230769230769231
47,10,lokˈurile,0.416,0.416,1.0
47,11,ɨn,0.416,0.48,1.153846153846154
47,12,kˌaɾe,0.416,0.352,0.8461538461538461
47,13,lwˈaʊ,0.416,0.448,1.076923076923077
47,14,kontˈakt,0.416,0.384,0.9230769230769231
47,15,ku,0.416,0.448,1.076923076923077
47,16,"pəmˈɨntul,",0.416,0.416,1.0
47,17,se,0.416,0.48,1.153846153846154
47,18,ˌɨnmultsˈeaw,0.416,0.32,0.7692307692307693
47,19,kˌojutsˈeale,0.416,0.256,0.6153846153846154
47,20,ˌulwitˈɔaɾe.,0.416,0.416,1.0
0,0,dˈute,0.352,0.384,1.090909090909091
0,1,rˈepedˌe,0.384,0.384,1.0
0,2,sə,0.384,0.448,1.1666666666666667
0,3,kˈaʊtsʲʲ,0.384,0.352,0.9166666666666666
0,4,nˌiʃte,0.384,0.448,1.1666666666666667
0,5,mˈartoɾʲˌʲ,0.384,0.608,1.5833333333333333
0,6,pe,0.384,0.384,1.0
0,7,"kˌoɾidˈor,",0.384,0.384,1.0
0,8,aʃˈa,0.352,0.352,1.0
0,9,am,0.384,0.416,1.0833333333333333
0,10,sə,0.384,0.352,0.9166666666666666
0,11,mˈor,0.384,0.384,1.0
0,12,ku,0.384,0.384,1.0
0,13,kˈudʒetul,0.384,0.448,1.1666666666666667
0,14,ɨn,0.384,0.32,0.8333333333333334
0,15,"pəkˈat.""",0.384,0.256,0.6666666666666666
0,16,ɨn,0.352,0.32,0.9090909090909092
0,17,fˈatsa,0.384,0.448,1.1666666666666667
0,18,mˈedikuluɪ,0.384,0.096,0.25
0,19,ʃʲa,0.384,0.224,0.5833333333333334
0,20,"infˈirmjeɾˌeɪ,",0.384,0.288,0.7499999999999999
0,21,ˈeme,0.384,0.32,0.8333333333333334
0,22,sˈemnə,0.384,0.288,0.7499999999999999
0,23,dˌokumentˈele,0.384,0.256,0.6666666666666666
0,24,nˌetʃesˈaɾe.,0.384,0.384,1.0
1,0,pˌersonˈaʒul,0.512,0.608,1.1875
1,1,ɨl,0.512,0.608,1.1875
1,2,ridˈikə,0.544,0.32,0.5882352941176471
1,3,uʃˈor,0.512,0.48,0.9375
1,4,din,0.512,0.512,1.0
1,5,spɾɨntʃˈeanə,0.544,0.16,0.29411764705882354
1,6,ʃi,0.512,0.48,0.9375
1,7,pɾivˈiɾea,0.544,0.8,1.4705882352941175
1,8,luɪ,0.512,0.48,0.9375
1,9,ekspɾˈimə,0.512,0.48,0.9375
1,10,un,0.544,0.512,0.9411764705882353
1,11,dispɾˈets,0.512,0.64,1.25
1,12,reɡˈal.,0.544,0.064,0.11764705882352941
1,13,lukɾˈurile,0.512,0.416,0.8125
1,14,dˌemaɾˈeazə,0.512,0.48,0.9375
1,15,fˈɔarte,0.544,0.48,0.8823529411764705
1,16,"pɾˈost,",0.512,0.384,0.75
1,17,dˈɔamnə.,0.544,0.576,1.0588235294117645
2,0,ka,0.32,0.384,1.2
2,1,sə,0.32,0.32,1.0
2,2,nu,0.32,0.352,1.0999999999999999
2,3,asˈiste,0.32,0.384,1.2
2,4,la,0.352,0.416,1.1818181818181819
2,5,un,0.32,0.224,0.7
2,6,spektˈakol,0.32,0.384,1.2
2,7,pe,0.32,0.384,1.2
2,8,kˌaɾe,0.32,0.32,1.0
2,9,nˈerviɪ,0.352,0.32,0.9090909090909092
2,10,jeɪ,0.32,0.352,1.0999999999999999
2,11,navˈeaw,0.32,0.416,1.2999999999999998
2,12,səl,0.32,0.032,0.1
2,13,pˈɔatə,0.352,0.256,0.7272727272727273
2,14,"supˈorta,",0.32,0.32,1.0
2,15,pɾˈefeɾˌə,0.32,0.32,1.0
2,16,sə,0.32,0.352,1.0999999999999999
2,17,se,0.32,0.32,1.0
2,18,refudʒjˈeze,0.352,0.192,0.5454545454545455
2,19,ɨn,0.32,0.224,0.7
2,20,"salˈon,",0.32,0.32,1.0
2,21,de,0.32,0.32,1.0
2,22,ˈunde,0.32,0.192,0.6
2,23,aˈuzea,0.352,0.32,0.9090909090909092
2,24,vˈaɡ,0.32,0.288,0.8999999999999999
2,25,ˌaminˌintsəɾʲˈile,0.32,0.32,1.0
2,26,ʃi,0.32,0.288,0.8999999999999999
2,27,sˌomatsˈiɪle.,0.352,0.384,1.090909090909091
3,0,pɾin,0.352,0.384,1.090909090909091
3,1,kərtsʲˈile,0.352,0.416,1.1818181818181819
3,2,dˌumneavˌɔastɾə,0.352,0.352,1.0
3,3,ˌaɾətˈatsʲʲ,0.352,0.416,1.1818181818181819
3,4,kə,0.352,0.32,0.9090909090909092
3,5,ɨn,0.352,0.128,0.36363636363636365
3,6,ˌoɾʲtʃˌe,0.352,0.224,0.6363636363636365
3,7,"vjˈatsə,",0.352,0.32,0.9090909090909092
3,8,kjˈar,0.352,0.352,1.0
3,9,ʃi,0.352,0.16,0.4545454545454546
3,10,ɨn,0.352,0.32,0.9090909090909092
3,11,tʃea,0.352,0.128,0.36363636363636365
3,12,maɪ,0.352,0.384,1.090909090909091
3,13,"nˌefeɾitʃˈitə,",0.352,0.32,0.9090909090909092
3,14,eɡzˌistə,0.352,0.384,1.090909090909091
3,15,tʃevˈa,0.352,0.16,0.4545454545454546
3,16,kˌaɾe,0.352,0.096,0.27272727272727276
3,17,te,0.352,0.288,0.8181818181818181
3,18,fˌatʃe,0.352,0.384,1.090909090909091
3,19,sə,0.352,0.448,1.272727272727273
3,20,te,0.352,0.384,1.090909090909091
3,21,"bukˈurʲ,",0.352,0.32,0.9090909090909092
3,22,sə,0.352,0.608,1.7272727272727273
3,23,"rˈɨzʲʲ,",0.352,0.352,1.0
3,24,sə,0.352,0.352,1.0
3,25,jubˈeʃtʲʲ.,0.384,0.288,0.7499999999999999
4,0,"dˌeskumpənˈit,",0.416,0.672,1.6153846153846156
4,1,simtsˈind,0.416,0.192,0.46153846153846156
4,2,kə,0.448,0.32,0.7142857142857143
4,3,lukɾˈurile,0.416,0.352,0.8461538461538461
4,4,lwˈaʊ,0.448,0.416,0.9285714285714285
4,5,o,0.416,0.352,0.8461538461538461
4,6,ˌɨntorsətˈuɾə,0.416,0.416,1.0
4,7,nˌekonvˌenabˈilə,0.448,0.384,0.8571428571428571
4,8,pˌentɾu,0.416,0.416,1.0
4,9,reputˈatsja,0.448,0.448,1.0
4,10,luɪ,0.416,0.448,1.076923076923077
4,11,odˈet,0.416,0.32,0.7692307692307693
4,12,dˌakə,0.448,0.448,1.0
4,13,"dezmˈintsea,",0.416,0.256,0.6153846153846154
4,14,bˌaltazˈar,0.448,0.224,0.5
4,15,sentˈɔarse,0.416,0.416,1.0
4,16,ɨn,0.416,0.448,1.076923076923077
4,17,ˌapartamˈent,0.448,0.512,1.1428571428571428
4,18,səkˈyɪt,0.416,0.352,0.8461538461538461
4,19,de,0.448,0.384,0.8571428571428571
4,20,noj,0.416,0.416,1.0
4,21,ˌɨntɾebˈəɾʲʲ.,0.448,0.352,0.7857142857142857
5,0,jˈa,0.48,0.096,0.2
5,1,doɾˈintsa,0.48,0.16,0.33333333333333337
5,2,ta,0.48,0.48,1.0
5,3,dea,0.48,0.352,0.7333333333333333
5,4,tɾezʲˈiʲ,0.48,0.544,1.1333333333333335
5,5,ˌinteɾˈesul,0.48,0.512,1.0666666666666667
5,6,ˈɔamenʲˌilor,0.48,0.384,0.8
5,7,dɾˈept,0.48,0.256,0.5333333333333333
5,8,markˈetiŋɡ.,0.48,0.416,0.8666666666666667
5,9,ɨn,0.48,0.448,0.9333333333333333
5,10,"plˈus,",0.512,0.544,1.0625
5,11,se,0.48,0.48,1.0
5,12,dˌiskɾeditˈeazə,0.48,0.512,1.0666666666666667
5,13,tɾatˈɨnd,0.48,0.416,0.8666666666666667
5,14,pˈublikul,0.48,0.48,1.0
5,15,dɾˈept,0.48,0.544,1.1333333333333335
5,16,o,0.48,0.608,1.2666666666666666
5,17,tˈurmə,0.48,0.288,0.6
5,18,ˌinfeɾjɔˈaɾə,0.48,0.576,1.2
5,19,ʃi,0.48,0.896,1.8666666666666667
5,20,nedˈemnə.,0.512,0.48,0.9375
6,0,tɾˌeizˈetʃʲ,0.32,0.384,1.2
6,1,de,0.352,0.352,1.0
6,2,"ˈanʲʲ,",0.352,0.256,0.7272727272727273
6,3,"bɾunˈet,",0.352,0.352,1.0
6,4,fˈərə,0.352,0.64,1.8181818181818183
6,5,nˈitʃʲ,0.352,0.288,0.8181818181818181
6,6,un,0.352,0.192,0.5454545454545455
6,7,fjˈer,0.32,0.448,1.4
6,8,de,0.352,0.192,0.5454545454545455
6,9,pˈər,0.352,0.128,0.36363636363636365
6,10,"ˈalb,",0.352,0.384,1.090909090909091
6,11,ku,0.352,0.352,1.0
6,12,pjˈelea,0.352,0.384,1.090909090909091
6,13,bɾonzˈatə,0.352,0.352,1.0
6,14,ʃi,0.32,0.512,1.6
6,15,"sˌənətˈɔasə,",0.352,0.352,1.0
6,16,ku,0.352,0.256,0.7272727272727273
6,17,mˈyɪnʲʲ,0.352,0.288,0.8181818181818181
6,18,siɡˈuɾe,0.352,0.288,0.8181818181818181
6,19,ʃi,0.352,0.192,0.5454545454545455
6,20,"fˈine,",0.352,0.32,0.9090909090909092
6,21,un,0.32,0.288,0.8999999999999999
6,22,spˈate,0.352,0.352,1.0
6,23,putˈernik,0.352,0.16,0.4545454545454546
6,24,ʃiʲ,0.352,0.16,0.4545454545454546
6,25,o,0.352,0.416,1.1818181818181819
6,26,tˈalje,0.352,0.352,1.0
6,27,ɨŋɡˈustə.,0.352,0.288,0.8181818181818181
7,0,ʃi,0.352,0.352,1.0
7,1,se,0.384,0.32,0.8333333333333334
7,2,surpɾˈinse,0.384,0.448,1.1666666666666667
7,3,kə,0.384,0.416,1.0833333333333333
7,4,avˌea,0.384,0.352,0.9166666666666666
7,5,pˈoftə,0.384,0.32,0.8333333333333334
7,6,sə,0.384,0.416,1.0833333333333333
7,7,atˈiŋɡə,0.384,0.352,0.9166666666666666
7,8,fˌiɾiʃɔaɾˈele,0.384,0.416,1.0833333333333333
7,9,atʃˌelea,0.384,0.416,1.0833333333333333
7,10,de,0.384,0.32,0.8333333333333334
7,11,pˈər,0.352,0.128,0.36363636363636365
7,12,"blˈond,",0.384,0.224,0.5833333333333334
7,13,ka,0.384,0.32,0.8333333333333334
7,14,fˌiɾiʃɔaɾˈele,0.384,0.384,1.0
7,15,ˌunuɪ,0.384,0.256,0.6666666666666666
7,16,mˈuʃkʲ,0.384,0.256,0.6666666666666666
7,17,"uʃˈor,",0.384,0.288,0.7499999999999999
7,18,ʃi,0.384,0.032,0.08333333333333333
7,19,pləkˈut,0.384,0.352,0.9166666666666666
7,20,sˈub,0.384,0.768,2.0
7,21,pˈalma,0.384,0.288,0.7499999999999999
7,22,jˈeɪ.,0.384,0.416,1.0833333333333333
8,0,fˈaptul,0.352,0.32,0.9090909090909092
8,1,kə,0.352,0.384,1.090909090909091
8,2,ɨl,0.384,0.384,1.0
8,3,ˌɨntɨlnisˈem,0.352,0.384,1.090909090909091
8,4,pe,0.352,0.384,1.090909090909091
8,5,nˌeaʃteptˈate,0.384,0.32,0.8333333333333334
8,6,pe,0.352,0.256,0.7272727272727273
8,7,fˈiʊl,0.352,0.352,1.0
8,8,sˈotsuluɪ,0.384,0.352,0.9166666666666666
8,9,"mˈeu,",0.352,0.032,0.09090909090909091
8,10,sosjˈa,0.352,0.288,0.8181818181818181
8,11,luɪ,0.384,0.448,1.1666666666666667
8,12,eɡzˈaktə,0.352,0.288,0.8181818181818181
8,13,ku,0.352,0.32,0.9090909090909092
8,14,dˌouəzˈetʃʲ,0.384,0.288,0.7499999999999999
8,15,de,0.352,0.224,0.6363636363636365
8,16,ˈanʲʲ,0.352,0.288,0.8181818181818181
8,17,maɪ,0.384,0.352,0.9166666666666666
8,18,"putsˈin,",0.352,0.384,1.090909090909091
8,19,stˈərnea,0.352,0.288,0.8181818181818181
8,20,ɨn,0.384,0.32,0.8333333333333334
8,21,mˈine,0.352,0.448,1.272727272727273
8,22,o,0.352,0.32,0.9090909090909092
8,23,ˌeɡzaltˈaɾe,0.384,0.352,0.9166666666666666
8,24,de,0.352,0.32,0.9090909090909092
8,25,ˌɨndɾəɡostˈitə.,0.384,0.384,1.0
9,0,depɾˈinsə,0.48,0.544,1.1333333333333335
9,1,ku,0.512,0.512,1.0
9,2,ˌintermˌinabilˈele,0.512,0.48,0.9375
9,3,vakˈantse,0.48,0.544,1.1333333333333335
9,4,fˌamiljˈale,0.512,0.448,0.875
9,5,pe,0.512,0.576,1.125
9,6,mˈalul,0.512,0.48,0.9375
9,7,"mˌediteɾˈaneɪ,",0.48,0.384,0.8
9,8,elˈen,0.512,0.32,0.625
9,9,se,0.512,0.448,0.875
9,10,bˌukuɾˈase,0.48,0.448,0.9333333333333333
9,11,sə,0.512,0.48,0.9375
9,12,dˌeskopˈeɾe,0.512,0.544,1.0625
9,13,otʃˈeanul,0.512,0.384,0.75
9,14,ʃi,0.48,0.288,0.6
9,15,valˈurile,0.512,0.448,0.875
9,16,luɪ,0.512,0.608,1.1875
9,17,zɡˌomotˈɔase.,0.512,0.544,1.0625
10,0,am,0.288,0.288,1.0
10,1,mˈers,0.288,0.192,0.6666666666666667
10,2,pɾobˈabil,0.288,0.288,1.0
10,3,la,0.288,0.32,1.1111111111111112
10,4,"nˌimeɾˈealə,",0.32,0.352,1.0999999999999999
10,5,fˈərə,0.288,0.256,0.888888888888889
10,6,sə,0.288,0.16,0.5555555555555556
10,7,ʃtˈiʊ,0.288,0.288,1.0
10,8,de,0.32,0.192,0.6
10,9,"mˈine,",0.288,0.064,0.22222222222222224
10,10,pˈɨnə,0.288,0.064,0.22222222222222224
10,11,"tʃˈe,",0.288,0.256,0.888888888888889
10,12,la,0.32,0.288,0.8999999999999999
10,13,kədˈeɾea,0.288,0.672,2.3333333333333335
10,14,"nˈoptsiɪ,",0.288,0.352,1.2222222222222223
10,15,o,0.288,0.256,0.888888888888889
10,16,stˈatsje,0.288,0.192,0.6666666666666667
10,17,de,0.32,0.16,0.5
10,18,taksˈiʊrʲ,0.288,0.288,1.0
10,19,de,0.288,0.352,1.2222222222222223
10,20,pe,0.288,0.256,0.888888888888889
10,21,drˈum,0.32,0.256,0.8
10,22,miʲa,0.288,0.288,1.0
10,23,reˌamintˈit,0.288,0.32,1.1111111111111112
10,24,kə,0.288,0.288,1.0
10,25,tɾˌebujˈa,0.32,0.352,1.0999999999999999
10,26,sə,0.288,0.288,1.0
10,27,mə,0.288,0.288,1.0
10,28,ɨntˈork,0.288,0.224,0.7777777777777779
10,29,akˈasə.,0.32,0.32,1.0
11,0,se,0.448,0.416,0.9285714285714285
11,1,pɾitʃˈepe,0.448,0.448,1.0
11,2,ˈɔaɾe,0.48,0.352,0.7333333333333333
11,3,la,0.448,0.288,0.6428571428571428
11,4,"ˈartə?""",0.48,0.416,0.8666666666666667
11,5,lˈakɾimʲˌile,0.448,0.32,0.7142857142857143
11,6,tsɨʃnˈiɾea,0.48,0.32,0.6666666666666667
11,7,de,0.448,0.384,0.8571428571428571
11,8,sˈub,0.48,0.48,1.0
11,9,plɔapˈele,0.448,0.448,1.0
11,10,ˈoblitʃˌe,0.48,0.608,1.2666666666666666
11,11,ʃi,0.448,0.352,0.7857142857142857
11,12,ku,0.48,0.416,0.8666666666666667
11,13,mˈiko,0.448,0.192,0.42857142857142855
11,14,a,0.48,0.704,1.4666666666666666
11,15,ˌɨntʃepˈut,0.448,0.448,1.0
11,16,sə,0.48,0.384,0.8
11,17,dʒˈeamə,0.448,0.384,0.8571428571428571
11,18,dˌeznədəʒdwˈitə.,0.48,0.512,1.0666666666666667
12,0,femˈeɪle,0.32,0.096,0.3
12,1,ne,0.352,0.352,1.0
12,2,plˈak,0.352,0.416,1.1818181818181819
12,3,pˌentɾu,0.32,0.416,1.2999999999999998
12,4,kə,0.352,0.352,1.0
12,5,se,0.352,0.128,0.36363636363636365
12,6,ivˈesk,0.32,0.032,0.1
12,7,pɾˈinse,0.352,0.032,0.09090909090909091
12,8,ka,0.352,0.16,0.4545454545454546
12,9,nˌiʃte,0.352,0.512,1.4545454545454546
12,10,nˌestemˈate,0.32,0.224,0.7
12,11,ɨn,0.352,0.256,0.7272727272727273
12,12,montjˈuɾa,0.352,0.288,0.8181818181818181
12,13,ˌuneɪ,0.32,0.288,0.8999999999999999
12,14,enˈiɡme,0.352,0.48,1.3636363636363638
12,15,ʃiʲ,0.352,0.352,1.0
12,16,ˌɨntʃetˈeazə,0.32,0.288,0.8999999999999999
12,17,sə,0.352,0.224,0.6363636363636365
12,18,ne,0.352,0.352,1.0
12,19,maɪ,0.352,0.352,1.0
12,20,plˈakə,0.32,0.384,1.2
12,21,dendˈatə,0.352,0.416,1.1818181818181819
12,22,tʃe,0.352,0.224,0.6363636363636365
12,23,ne,0.32,0.32,1.0
12,24,ˈintɾiɡˌə,0.352,0.384,1.090909090909091
12,25,maɪ,0.352,0.352,1.0
12,26,putsˈin.,0.352,0.384,1.090909090909091
13,0,pˌɔate,0.352,0.448,1.272727272727273
13,1,din,0.352,0.352,1.0
13,2,kaˈuza,0.384,0.32,0.8333333333333334
13,3,tˈimbruluɪ,0.352,0.352,1.0
13,4,vˈotʃiɪ,0.384,0.32,0.8333333333333334
13,5,mele,0.352,0.416,1.1818181818181819
13,6,"kˌaɾe,",0.352,0.352,1.0
13,7,a,0.384,0.32,0.8333333333333334
13,8,idˈoma,0.352,0.352,1.0
13,9,tʃeluɪ,0.384,0.384,1.0
13,10,al,0.352,0.32,0.9090909090909092
13,11,"mˈameɪ,",0.352,0.192,0.5454545454545455
13,12,ˌaɾe,0.384,0.416,1.0833333333333333
13,13,tʃevˈa,0.352,0.288,0.8181818181818181
13,14,pˈarkə,0.384,0.288,0.7499999999999999
13,15,"lˌəkɾimˈos,",0.352,0.032,0.09090909090909091
13,16,vˌəikəɾˈets,0.352,0.032,0.09090909090909091
13,17,ʃi,0.384,0.352,0.9166666666666666
13,18,dˈə,0.352,0.256,0.7272727272727273
13,19,de,0.384,0.48,1.25
13,20,sˈiɡur,0.352,0.672,1.9090909090909094
13,21,impɾˈesja,0.352,0.384,1.090909090909091
13,22,kə,0.384,0.448,1.1666666666666667
13,23,mə,0.352,0.288,0.8181818181818181
13,24,lˌamentˈez?,0.384,0.416,1.0833333333333333
14,0,"ˌimedjˈat,",0.352,0.384,1.090909090909091
14,1,ˌapaɾatˈele,0.352,0.224,0.6363636363636365
14,2,de,0.384,0.128,0.3333333333333333
14,3,mˌonitˌoɾizˈaɾe,0.352,0.32,0.9090909090909092
14,4,kardjˈakə,0.384,0.384,1.0
14,5,ˌɨntʃepˈuɾə,0.352,0.352,1.0
14,6,sə,0.384,0.416,1.0833333333333333
14,7,tɾˌepidˈeze,0.352,0.448,1.272727272727273
14,8,pˈɨnə,0.352,0.896,2.545454545454546
14,9,un,0.384,0.448,1.1666666666666667
14,10,sˈoj,0.352,0.64,1.8181818181818183
14,11,de,0.384,0.32,0.8333333333333334
14,12,"alˈaɾə,",0.352,0.192,0.5454545454545455
14,13,mə,0.384,0.608,1.5833333333333333
14,14,kemˈɨnd,0.352,0.256,0.7272727272727273
14,15,pˌersonˈalul,0.384,0.16,0.4166666666666667
14,16,ɨn,0.352,0.352,1.0
14,17,ˌaʒutˈor,0.352,0.16,0.4545454545454546
14,18,pˌentɾu,0.384,0.192,0.5
14,19,o,0.352,0.224,0.6363636363636365
14,20,ˈinimˌə,0.384,0.032,0.08333333333333333
14,21,kˌaɾe,0.352,0.288,0.8181818181818181
14,22,o,0.384,0.416,1.0833333333333333
14,23,lwˈa,0.352,0.384,1.090909090909091
14,24,seɾˈasnə.,0.384,0.384,1.0
15,0,se,0.384,0.416,1.0833333333333333
15,1,kɾampˈona,0.416,0.416,1.0
15,2,ˌaʃadˈar,0.416,0.448,1.076923076923077
15,3,de,0.416,0.448,1.076923076923077
15,4,ˌoptimˈismul,0.416,0.416,1.0
15,5,luɪ,0.416,0.448,1.076923076923077
15,6,antˈɔan,0.416,0.448,1.076923076923077
15,7,"kˌaɾe,",0.416,0.384,0.9230769230769231
15,8,"nˌeobosˈit,",0.416,0.32,0.7692307692307693
15,9,ku,0.416,0.224,0.5384615384615385
15,10,zˈɨmbetul,0.384,0.192,0.5
15,11,pe,0.416,0.352,0.8461538461538461
15,12,"bˈuze,",0.416,0.416,1.0
15,13,ˌɨi,0.416,0.352,0.8461538461538461
15,14,dˈeskɾja,0.416,0.256,0.6153846153846154
15,15,lˈumea,0.416,0.32,0.7692307692307693
15,16,aʃˈa,0.416,0.384,0.9230769230769231
15,17,kˈum,0.416,0.352,0.8461538461538461
15,18,o,0.416,0.448,1.076923076923077
15,19,simtsˈea,0.416,0.48,1.153846153846154
15,20,jˈel.,0.416,0.448,1.076923076923077
16,0,"ˈastfel,",0.416,0.448,1.076923076923077
16,1,fˈiɪluɪ,0.448,0.448,1.0
16,2,ˌisɾaˈel,0.448,0.352,0.7857142857142857
16,3,leaʊ,0.448,0.384,0.8571428571428571
16,4,dˈat,0.448,0.384,0.8571428571428571
16,5,"lˌevitsʲˈilor,",0.448,0.384,0.8571428571428571
16,6,pɾin,0.448,0.64,1.4285714285714286
16,7,tɾadʒˈeɾe,0.448,0.416,0.9285714285714285
16,8,la,0.448,0.416,0.9285714285714285
16,9,"sˈortsʲʲ,",0.448,0.384,0.8571428571428571
16,10,tʃˌetətsʲˈile,0.448,0.288,0.6428571428571428
16,11,atʃˌestea,0.416,0.352,0.8461538461538461
16,12,ku,0.448,0.384,0.8571428571428571
16,13,pˌəʃunʲˈile,0.448,0.352,0.7857142857142857
16,14,din,0.448,0.416,0.9285714285714285
16,15,"ʒˈur,",0.448,0.416,0.9285714285714285
16,16,aʃˈa,0.448,0.448,1.0
16,17,kˈum,0.448,0.448,1.0
16,18,pˌoɾuntʃˈise,0.448,0.448,1.0
16,19,dˈomnul,0.448,0.384,0.8571428571428571
16,20,pɾin,0.448,0.384,0.8571428571428571
16,21,moˈise.,0.448,0.512,1.1428571428571428
17,0,jeɪ,0.384,1.632,4.25
17,1,aʊ,0.416,0.352,0.8461538461538461
17,2,pˈus,0.416,0.384,0.9230769230769231
17,3,deopˈarte,0.416,0.16,0.38461538461538464
17,4,ʃi,0.416,0.288,0.6923076923076923
17,5,tʃˌeea,0.416,0.352,0.8461538461538461
17,6,tʃe,0.416,0.448,1.076923076923077
17,7,jeɾˌa,0.416,0.384,0.9230769230769231
17,8,pˌentɾu,0.416,0.416,1.0
17,9,"levˈitsʲʲ,",0.416,0.384,0.9230769230769231
17,10,jˈar,0.416,0.576,1.3846153846153846
17,11,levˈitsiɪ,0.384,0.416,1.0833333333333333
17,12,aʊ,0.416,0.192,0.46153846153846156
17,13,pˈus,0.416,0.384,0.9230769230769231
17,14,deopˈarte,0.416,0.384,0.9230769230769231
17,15,tʃˌeea,0.416,0.384,0.9230769230769231
17,16,tʃe,0.416,0.192,0.46153846153846156
17,17,jeɾˌa,0.416,0.416,1.0
17,18,pˌentɾu,0.416,0.448,1.076923076923077
17,19,urmˈaʃiɪ,0.416,0.352,0.8461538461538461
17,20,luɪ,0.416,0.384,0.9230769230769231
17,21,ˌaaɾˈon.,0.416,0.544,1.307692307692308
18,0,akˈum,0.32,0.384,1.2
18,1,və,0.352,0.32,0.9090909090909092
18,2,spˈun,0.352,0.352,1.0
18,3,din,0.352,0.416,1.1818181818181819
18,4,"nˈoʊ,",0.352,0.096,0.27272727272727276
18,5,nˌui,0.352,0.32,0.9090909090909092
18,6,voj,0.32,0.32,1.0
18,7,alˈuŋɡa,0.352,0.32,0.9090909090909092
18,8,dinˈaɪntea,0.352,0.384,1.090909090909091
18,9,"vˈɔastɾə,",0.352,0.32,0.9090909090909092
18,10,tʃˈi,0.352,0.384,1.090909090909091
18,11,və,0.352,0.32,0.9090909090909092
18,12,vor,0.352,0.192,0.5454545454545455
18,13,fˈi,0.32,0.384,1.2
18,14,ka,0.352,0.352,1.0
18,15,nˌiʃte,0.352,0.384,1.090909090909091
18,16,spˈinʲʲ,0.352,0.288,0.8181818181818181
18,17,ɨn,0.352,0.32,0.9090909090909092
18,18,"kˈɔaste,",0.352,0.384,1.090909090909091
18,19,jˈar,0.352,0.416,1.1818181818181819
18,20,dˌumnezˈeiɪ,0.32,0.384,1.2
18,21,lor,0.352,0.352,1.0
18,22,və,0.352,0.352,1.0
18,23,vor,0.352,0.288,0.8181818181818181
18,24,fˈiʲ,0.352,0.288,0.8181818181818181
18,25,o,0.352,0.352,1.0
18,26,kapkˈanə.,0.352,0.32,0.9090909090909092
19,0,mˈɔartea,0.512,0.544,1.0625
19,1,luɪ,0.512,0.96,1.875
19,2,dʒedˈeon,0.512,0.288,0.5625
19,3,"ˈastfel,",0.512,0.064,0.125
19,4,midjˈanul,0.512,0.032,0.0625
19,5,a,0.512,0.48,0.9375
19,6,fost,0.512,0.128,0.25
19,7,supˈus,0.512,0.064,0.125
19,8,ˌɨnaˈintea,0.512,0.512,1.0
19,9,fˈiɪlor,0.544,0.544,1.0
19,10,luɪ,0.512,0.448,0.875
19,11,ˌisɾaˈel,0.512,0.32,0.625
19,12,ʃi,0.512,0.416,0.8125
19,13,na,0.512,0.448,0.875
19,14,maɪ,0.512,0.576,1.125
19,15,ˌɨndɾəznˈit,0.512,0.512,1.0
19,16,sˌəʃʲʲ,0.512,0.512,1.0
19,17,ridˈitʃe,0.512,0.512,1.0
19,18,kˈapul.,0.544,0.512,0.9411764705882353
20,0,ˈiʲa,0.512,0.032,0.0625
20,1,bˌatʒokoɾˈit,0.544,0.544,1.0
20,2,pe,0.544,0.544,1.0
20,3,jˈudeɪ,0.512,0.448,0.875
20,4,ʃʲa,0.544,0.32,0.5882352941176471
20,5,zˈis,0.544,0.48,0.8823529411764705
20,6,ˌɨnaˈintea,0.512,0.48,0.9375
20,7,fɾatsʲˈilor,0.544,0.512,0.9411764705882353
20,8,səɪ,0.544,0.448,0.8235294117647058
20,9,ʃʲa,0.512,0.256,0.5
20,10,armˈateɪ,0.544,0.384,0.7058823529411764
20,11,"sˌamaɾˈiʲeɪ,",0.544,0.576,1.0588235294117645
20,12,tʃe,0.512,0.448,0.875
20,13,fˈak,0.544,0.448,0.8235294117647058
20,14,ˌaməɾˈɨtsiɪ,0.544,0.48,0.8823529411764705
20,15,atʃˌeʃtja,0.512,0.48,0.9375
20,16,de,0.544,0.512,0.9411764705882353
20,17,jˈudeɪ?,0.544,0.512,0.9411764705882353
21,0,dʒedˈeon,0.32,0.384,1.2
21,1,lea,0.32,0.32,1.0
21,2,"zˈis,",0.32,0.288,0.8999999999999999
21,3,jeɪ,0.32,0.032,0.1
21,4,"bˈine,",0.32,0.16,0.5
21,5,dˈupə,0.32,0.32,1.0
21,6,tʃe,0.32,0.448,1.4
21,7,dˈomnul,0.352,0.352,1.0
21,8,ˌɨi,0.32,0.256,0.8
21,9,va,0.32,0.352,1.0999999999999999
21,10,dˈa,0.32,0.352,1.0999999999999999
21,11,pe,0.32,0.32,1.0
21,12,zebˈah,0.32,0.224,0.7
21,13,ʃi,0.32,0.32,1.0
21,14,pe,0.352,0.32,0.9090909090909092
21,15,tsˈal,0.32,0.288,0.8999999999999999
21,16,mˈuna,0.32,0.288,0.8999999999999999
21,17,ɨn,0.32,0.32,1.0
21,18,myɪnʲˈile,0.32,0.288,0.8999999999999999
21,19,"mˈele,",0.32,0.288,0.8999999999999999
21,20,və,0.32,0.32,1.0
21,21,voj,0.32,0.288,0.8999999999999999
21,22,tɾəjˈeɾa,0.352,0.256,0.7272727272727273
21,23,kˈarnea,0.32,0.256,0.8
21,24,ku,0.32,0.288,0.8999999999999999
21,25,spˈiniɪ,0.32,0.288,0.8999999999999999
21,26,deʃˈertuluɪ,0.32,0.32,1.0
21,27,ʃi,0.32,0.352,1.0999999999999999
21,28,ku,0.32,0.288,0.8999999999999999
21,29,mˌəɾətʃˈinʲʲ.,0.352,0.416,1.1818181818181819
22,0,apˈoj,0.416,0.416,1.0
22,1,ˈiʲa,0.416,0.48,1.153846153846154
22,2,zˈis,0.448,0.448,1.0
22,3,"rˈedʒeluɪ,",0.416,0.32,0.7692307692307693
22,4,ˌaʃadˈar,0.416,0.32,0.7692307692307693
22,5,jˌeste,0.448,0.448,1.0
22,6,ˌadevəɾˈat,0.416,0.16,0.38461538461538464
22,7,tʃe,0.416,0.16,0.38461538461538464
22,8,am,0.448,0.416,0.9285714285714285
22,9,ˌauzˈit,0.416,0.288,0.6923076923076923
22,10,ɨn,0.448,0.256,0.5714285714285714
22,11,tsˈaɾa,0.416,0.48,1.153846153846154
22,12,mea,0.416,0.448,1.076923076923077
22,13,ku,0.448,0.256,0.5714285714285714
22,14,pɾivˈiɾe,0.416,0.224,0.5384615384615385
22,15,la,0.416,0.416,1.0
22,16,faptˈele,0.448,0.448,1.0
22,17,tale,0.416,0.416,1.0
22,18,ʃi,0.416,0.384,0.9230769230769231
22,19,la,0.448,0.384,0.8571428571428571
22,20,ˌɨntseleptʃˈunea,0.416,0.448,1.076923076923077
22,21,tˈa.,0.448,0.448,1.0
23,0,"atˈuntʃʲ,",0.352,0.384,1.090909090909091
23,1,unul,0.384,0.672,1.75
23,2,dˈintɾe,0.352,0.352,1.0
23,3,bərbˈatsiɪ,0.384,0.384,1.0
23,4,a,0.384,0.384,1.0
23,5,"zˈis,",0.352,0.32,0.9090909090909092
23,6,tˈatəl,0.384,0.096,0.25
23,7,təʊ,0.352,0.384,1.090909090909091
23,8,a,0.384,0.384,1.0
23,9,pˈus,0.384,0.224,0.5833333333333334
23,10,popˈorul,0.352,0.288,0.8181818181818181
23,11,sˈub,0.384,0.384,1.0
23,12,un,0.384,0.352,0.9166666666666666
23,13,ʒˌuɾəmˈɨnt,0.352,0.288,0.8181818181818181
23,14,sevˈer,0.384,0.352,0.9166666666666666
23,15,"zikˈɨnd,",0.352,0.16,0.4545454545454546
23,16,blˌestemˈat,0.384,0.192,0.5
23,17,sə,0.384,0.416,1.0833333333333333
23,18,fˌiʲe,0.352,0.384,1.090909090909091
23,19,ˈomul,0.384,0.256,0.6666666666666666
23,20,kˌaɾe,0.352,0.352,1.0
23,21,va,0.384,0.288,0.7499999999999999
23,22,ˌɨndɾəznʲˈi,0.384,0.416,1.0833333333333333
23,23,sə,0.352,0.352,1.0
23,24,mənˈɨntʃe,0.384,0.288,0.7499999999999999
23,25,ˈastəzʲˌʲ.,0.384,0.48,1.25
24,0,dˈouˌəzetʃʲʃitɾˈeɪ,0.32,0.864,2.6999999999999997
24,1,aʊ,0.352,0.352,1.0
24,2,pˈus,0.32,0.288,0.8999999999999999
24,3,mˈɨna,0.352,0.736,2.090909090909091
24,4,pe,0.32,0.128,0.4
24,5,ja,0.352,0.032,0.09090909090909091
24,6,ɨn,0.32,0.032,0.1
24,7,momˈentul,0.352,0.352,1.0
24,8,ɨn,0.352,0.32,0.9090909090909092
24,9,kˌaɾe,0.32,0.192,0.6
24,10,tɾetʃˈea,0.352,0.32,0.9090909090909092
24,11,pɾin,0.32,0.32,1.0
24,12,lˈokul,0.352,0.32,0.9090909090909092
24,13,pe,0.32,0.288,0.8999999999999999
24,14,ˈunde,0.352,0.288,0.8181818181818181
24,15,ˈintɾə,0.32,0.32,1.0
24,16,kˈaɪ,0.352,0.32,0.9090909090909092
24,17,ɨn,0.352,0.32,0.9090909090909092
24,18,kˈurtea,0.32,0.32,1.0
24,19,palˈatuluɪ,0.352,0.416,1.1818181818181819
24,20,rˈedʒeluɪ,0.32,0.32,1.0
24,21,ʃʲa,0.352,0.288,0.8181818181818181
24,22,fost,0.32,0.224,0.7
24,23,ˌomoɾˈɨtə,0.352,0.288,0.8181818181818181
24,24,akˈolo.,0.352,0.352,1.0
25,0,dˈavid,0.576,0.544,0.9444444444444445
25,1,ʃi,0.608,0.608,1.0
25,2,tˈot,0.608,0.48,0.7894736842105263
25,3,ˌisɾaˈelul,0.576,0.192,0.33333333333333337
25,4,aʊ,0.608,0.48,0.7894736842105263
25,5,ˌɨnaɪntˈat,0.608,0.512,0.8421052631578948
25,6,spɾˈe,0.608,0.608,1.0
25,7,"jˌeɾusalˈim,",0.576,0.448,0.7777777777777779
25,8,adˈikə,0.608,0.32,0.5263157894736842
25,9,"jˈebus,",0.608,0.512,0.8421052631578948
25,10,ˌɨmpotɾˈiva,0.608,0.64,1.0526315789473684
25,11,jˌebusitsʲˈilor,0.576,0.576,1.0
25,12,kˌaɾe,0.608,0.736,1.2105263157894737
25,13,lokwjˈaʊ,0.608,0.544,0.8947368421052633
25,14,akˈolo.,0.608,0.512,0.8421052631578948
26,0,slˌuʒitˈoɾiɪ,0.32,0.16,0.5
26,1,meɪ,0.32,0.064,0.2
26,2,vor,0.32,0.256,0.8
26,3,lˈukɾa,0.32,0.032,0.1
26,4,ˌɨmpɾeˈunə,0.32,0.032,0.1
26,5,ku,0.352,0.032,0.09090909090909091
26,6,slˌuʒitˈoɾiɪ,0.32,0.256,0.8
26,7,"tˈəɪ,",0.32,0.064,0.2
26,8,jˈar,0.32,0.288,0.8999999999999999
26,9,jeʊ,0.32,0.32,1.0
26,10,ˌɨtsʲʲ,0.352,0.384,1.090909090909091
26,11,voj,0.32,0.704,2.1999999999999997
26,12,plətʲˈi,0.32,0.448,1.4
26,13,pˌentɾu,0.32,0.352,1.0999999999999999
26,14,mˈunka,0.32,1.056,3.3000000000000003
26,15,slˌuʒitoɾʲˈilor,0.352,0.352,1.0
26,16,təɪ,0.32,0.32,1.0
26,17,tʃˌeea,0.32,0.288,0.8999999999999999
26,18,tʃemʲ,0.32,0.48,1.5
26,19,veɪ,0.32,0.32,1.0
26,20,"tʃˈeɾe,",0.352,0.256,0.7272727272727273
26,21,kˈətʃʲ,0.32,0.224,0.7
26,22,ʃtˈiɪ,0.32,0.416,1.2999999999999998
26,23,kə,0.32,0.192,0.6
26,24,nˌimenʲˌʲ,0.32,0.288,0.8999999999999999
26,25,dˈintɾe,0.352,0.32,0.9090909090909092
26,26,noj,0.32,0.096,0.3
26,27,nu,0.32,0.256,0.8
26,28,jˌeste,0.32,0.224,0.7
26,29,un,0.32,0.288,0.8999999999999999
26,30,slˌuʒitˈor.,0.352,1.28,3.6363636363636367
27,0,askˈultə,0.416,0.384,0.9230769230769231
27,1,rˌuɡətʃˈunea,0.448,0.544,1.2142857142857144
27,2,pe,0.448,0.448,1.0
27,3,kˌaɾe,0.416,0.352,0.8461538461538461
27,4,"jˈeʊ,",0.448,0.352,0.7857142857142857
27,5,slˌuʒitˈorul,0.448,0.416,0.9285714285714285
27,6,"tˈəʊ,",0.416,0.032,0.07692307692307693
27,7,o,0.448,0.032,0.07142857142857142
27,8,rostˈesk,0.448,0.096,0.21428571428571427
27,9,ˌɨnaˈintea,0.416,0.256,0.6153846153846154
27,10,ta,0.448,0.512,1.1428571428571428
27,11,zˈi,0.448,0.672,1.5
27,12,ʃi,0.416,1.28,3.076923076923077
27,13,"nˈɔapte,",0.448,0.416,0.9285714285714285
27,14,ku,0.448,0.32,0.7142857142857143
27,15,pɾivˈiɾe,0.416,0.448,1.076923076923077
27,16,la,0.448,0.288,0.6428571428571428
27,17,fˈiji,0.448,0.32,0.7142857142857143
27,18,luɪ,0.416,0.384,0.9230769230769231
27,19,"ˌisɾaˈel,",0.448,0.32,0.7142857142857143
27,20,slˌuʒitˈoɾiɪ,0.448,0.48,1.0714285714285714
27,21,tˈəɪ.,0.448,0.512,1.1428571428571428
28,0,"akˈum,",0.384,0.448,1.1666666666666667
28,1,pɾedˈatsʲʲ,0.384,0.352,0.9166666666666666
28,2,pe,0.416,0.288,0.6923076923076923
28,3,bərbˈatsiɪ,0.384,0.352,0.9166666666666666
28,4,"atʃˈeja,",0.416,0.448,1.076923076923077
28,5,pe,0.384,1.12,2.916666666666667
28,6,ˌatʃeɪ,0.384,1.088,2.8333333333333335
28,7,ˈɔamenʲˌʲ,0.416,0.192,0.46153846153846156
28,8,de,0.384,0.32,0.8333333333333334
28,9,"nimˈik,",0.416,0.064,0.15384615384615385
28,10,kˌaɾe,0.384,0.032,0.08333333333333333
28,11,sunt,0.416,0.032,0.07692307692307693
28,12,ɨn,0.384,0.128,0.3333333333333333
28,13,"ɡˈiva,",0.384,0.384,1.0
28,14,ka,0.416,0.384,0.9230769230769231
28,15,səɪ,0.384,0.32,0.8333333333333334
28,16,ˌomoɾˈɨm,0.416,0.32,0.7692307692307693
28,17,ʃi,0.384,0.32,0.8333333333333334
28,18,sə,0.384,0.384,1.0
28,19,nˌimitʃˈim,0.416,0.32,0.7692307692307693
28,20,ˈastfel,0.384,0.352,0.9166666666666666
28,21,rˈəʊl,0.416,0.288,0.6923076923076923
28,22,din,0.384,0.32,0.8333333333333334
28,23,ˌisɾaˈel.,0.416,0.512,1.2307692307692308
29,0,aʊ,0.512,0.576,1.125
29,1,lwˈat,0.544,0.544,1.0
29,2,"ɔalˈele,",0.544,0.512,0.9411764705882353
29,3,"lˌopetsʲˈile,",0.544,0.576,1.0588235294117645
29,4,"mukˈarnitsˌele,",0.544,0.192,0.3529411764705882
29,5,vasˈele,0.544,0.448,0.8235294117647058
29,6,pˌentɾu,0.544,0.448,0.8235294117647058
29,7,tˈəmyɪˌe,0.544,0.384,0.7058823529411764
29,8,ʃi,0.544,0.48,0.8823529411764705
29,9,tˈɔate,0.544,0.48,0.8823529411764705
29,10,ˌuneltˈele,0.544,0.672,1.2352941176470589
29,11,de,0.544,0.544,1.0
29,12,bɾˈonz,0.544,0.576,1.0588235294117645
29,13,ku,0.544,0.416,0.7647058823529411
29,14,kˌaɾe,0.544,0.256,0.47058823529411764
29,15,pɾˈeotsiɪ,0.544,0.576,1.0588235294117645
29,16,fətʃˈeaw,0.544,0.512,0.9411764705882353
29,17,slˈuʒba.,0.544,0.512,0.9411764705882353
30,0,ˌosemintˈele,0.352,0.352,1.0
30,1,luɪ,0.384,0.384,1.0
30,2,"josˈif,",0.384,0.416,1.0833333333333333
30,3,pe,0.384,0.512,1.3333333333333333
30,4,kˌaɾe,0.384,0.352,0.9166666666666666
30,5,fˈiji,0.384,0.288,0.7499999999999999
30,6,luɪ,0.384,0.288,0.7499999999999999
30,7,ˌisɾaˈel,0.384,0.32,0.8333333333333334
30,8,le,0.352,0.32,0.9090909090909092
30,9,ˌadusesˈeɾə,0.384,0.32,0.8333333333333334
30,10,din,0.384,0.384,1.0
30,11,"edʒˈipt,",0.384,0.32,0.8333333333333334
30,12,aʊ,0.384,0.384,1.0
30,13,fost,0.384,0.384,1.0
30,14,ˌɨnmormɨntˈate,0.384,0.352,0.9166666666666666
30,15,la,0.384,0.32,0.8333333333333334
30,16,"ʃekˈem,",0.352,0.288,0.8181818181818181
30,17,pe,0.384,0.288,0.7499999999999999
30,18,teɾˈenul,0.384,0.352,0.9166666666666666
30,19,kˌumpəɾˈat,0.384,0.416,1.0833333333333333
30,20,de,0.384,0.384,1.0
30,21,jakˈov,0.384,0.416,1.0833333333333333
30,22,dˌela,0.384,0.32,0.8333333333333334
30,23,hˌamoɾˈitsʲʲ.,0.384,0.448,1.1666666666666667
31,0,de,0.448,0.448,1.0
31,1,"asˈemenˌea,",0.48,0.48,1.0
31,2,ˈiʲa,0.48,0.352,0.7333333333333333
31,3,ˌaluŋɡˈat,0.448,0.416,0.9285714285714285
31,4,pe,0.48,0.576,1.2
31,5,tʃeɪ,0.48,0.384,0.8
31,6,tʃe,0.48,0.416,0.8666666666666667
31,7,ardˈeaw,0.448,0.416,0.9285714285714285
31,8,tˈəmyɪˌe,0.48,0.48,1.0
31,9,luɪ,0.48,0.416,0.8666666666666667
31,10,"baˈal,",0.48,0.448,0.9333333333333333
31,11,"sɔaɾˈeluɪ,",0.448,0.256,0.5714285714285714
31,12,"lˈuniɪ,",0.48,0.416,0.8666666666666667
31,13,stelˈelor,0.48,0.352,0.7333333333333333
31,14,ʃiʲ,0.48,0.448,0.9333333333333333
31,15,ˌɨntɾedʒˈiɪ,0.448,0.352,0.7857142857142857
31,16,armˈate,0.48,0.48,1.0
31,17,a,0.48,0.448,0.9333333333333333
31,18,tʃeɾˈurilor.,0.48,0.48,1.0
32,0,dədˈuɾə,0.352,0.384,1.090909090909091
32,1,sˌimultˈan,0.384,0.352,0.9166666666666666
32,2,drumul,0.352,0.32,0.9090909090909092
32,3,la,0.384,0.288,0.7499999999999999
32,4,blokˈurile,0.352,0.32,0.9090909090909092
32,5,de,0.384,0.48,1.25
32,6,pjˈatɾə,0.352,0.352,1.0
32,7,stɾivˈind,0.384,0.16,0.4166666666666667
32,8,sˈub,0.352,0.288,0.8181818181818181
32,9,ɡɾˌeutˈatea,0.384,0.48,1.25
32,10,lor,0.352,0.384,1.090909090909091
32,11,ʃi,0.384,0.32,0.8333333333333334
32,12,pe,0.352,0.288,0.8181818181818181
32,13,dʒˌeneɾˈalul,0.384,0.416,1.0833333333333333
32,14,bˌizantˈin,0.352,0.352,1.0
32,15,ʃi,0.384,0.352,0.9166666666666666
32,16,pe,0.352,0.224,0.6363636363636365
32,17,tˈurtʃiɪ,0.384,0.32,0.8333333333333334
32,18,kˌaɾe,0.352,0.32,0.9090909090909092
32,19,ɨl,0.384,0.416,1.0833333333333333
32,20,ˌɨmpɾesˌuɾasˈeɾə,0.352,0.384,1.090909090909091
32,21,fˈərə,0.384,0.48,1.25
32,22,al,0.352,0.288,0.8181818181818181
32,23,putˌea,0.384,0.16,0.4166666666666667
32,24,ɨnfɾˈɨŋdʒe.,0.384,0.416,1.0833333333333333
33,0,ɨn,0.352,0.288,0.8181818181818181
33,1,pɾˈimiɪ,0.384,0.448,1.1666666666666667
33,2,ˈanʲʲ,0.352,0.448,1.272727272727273
33,3,dˈupə,0.384,0.32,0.8333333333333334
33,4,kˌəsətˈoɾje,0.384,0.384,1.0
33,5,se,0.352,0.32,0.9090909090909092
33,6,jˌubisˈeɾə,0.384,0.384,1.0
33,7,ku,0.384,0.288,0.7499999999999999
33,8,"pasjˈune,",0.352,0.256,0.7272727272727273
33,9,dar,0.384,0.352,0.9166666666666666
33,10,vˈɨrstea,0.384,0.352,0.9166666666666666
33,11,le,0.352,0.352,1.0
33,12,pˌotolˈise,0.384,0.352,0.9166666666666666
33,13,tɾeptˈate,0.384,0.448,1.1666666666666667
33,14,la,0.352,0.32,0.9090909090909092
33,15,"anˈurile,",0.384,0.256,0.6666666666666666
33,16,fəkˈɨnduj,0.384,0.32,0.8333333333333334
33,17,sˌəʃʲʲ,0.352,0.32,0.9090909090909092
33,18,pjˈardə,0.384,0.352,0.9166666666666666
33,19,nu,0.384,0.288,0.7499999999999999
33,20,nˈumaɪ,0.352,0.32,0.9090909090909092
33,21,ˌiŋdʒenwitˈatea,0.384,0.448,1.1666666666666667
33,22,"tˌineɾˈitsiɪ,",0.384,0.352,0.9166666666666666
33,23,tʃˈi,0.352,0.384,1.090909090909091
33,24,ʃiʲ,0.384,0.352,0.9166666666666666
33,25,ˌiluzˈiɪle.,0.384,0.448,1.1666666666666667
34,0,ɨn,0.352,0.064,0.18181818181818182
34,1,tˈimpul,0.384,0.384,1.0
34,2,tʃˈedeɾˌiɪ,0.352,0.384,1.090909090909091
34,3,sale,0.384,0.448,1.1666666666666667
34,4,la,0.352,0.288,0.8181818181818181
34,5,"dˈelçʲ,",0.384,0.384,1.0
34,6,atʃˌesta,0.384,0.448,1.1666666666666667
34,7,putˈuse,0.352,0.448,1.272727272727273
34,8,sˌəʃʲʲ,0.384,0.48,1.25
34,9,dˈea,0.352,0.416,1.1818181818181819
34,10,sˈeama,0.384,0.384,1.0
34,11,ˈɨnsə,0.352,0.352,1.0
34,12,de,0.384,0.384,1.0
34,13,ˌadevˌəɾatˈele,0.384,0.352,0.9166666666666666
34,14,motˈive,0.352,0.224,0.6363636363636365
34,15,ale,0.384,0.192,0.5
34,16,retsˈineɾˌiɪ,0.352,0.288,0.8181818181818181
34,17,sultˈanuluɪ,0.384,0.416,1.0833333333333333
34,18,dea,0.352,0.096,0.27272727272727276
34,19,ˌintervˈenʲʲ,0.384,0.448,1.1666666666666667
34,20,pe,0.384,0.448,1.1666666666666667
34,21,kˈalea,0.352,0.288,0.8181818181818181
34,22,armˈelor,0.384,0.288,0.7499999999999999
34,23,ˌɨmpotɾˈiva,0.352,0.224,0.6363636363636365
34,24,luɪ,0.384,0.48,1.25
34,25,mehmˈed.,0.384,0.384,1.0
35,0,bərbˈatsiɪ,0.288,0.448,1.5555555555555558
35,1,de,0.288,0.288,1.0
35,2,"stˈat,",0.32,0.288,0.8999999999999999
35,3,din,0.288,0.224,0.7777777777777779
35,4,ambˈele,0.32,0.32,1.0
35,5,"tabˈeɾe,",0.288,0.32,1.1111111111111112
35,6,se,0.288,0.32,1.1111111111111112
35,7,ˌɨntɾebˈaʊ,0.32,0.32,1.0
35,8,dˌakə,0.288,0.288,1.0
35,9,pˈatʃea,0.32,0.288,0.8999999999999999
35,10,"atʃˈeasta,",0.288,0.288,1.0
35,11,doɾˈitə,0.288,0.32,1.1111111111111112
35,12,de,0.32,0.32,1.0
35,13,tˈɔatə,0.288,0.288,1.0
35,14,"lˈumea,",0.32,0.32,1.0
35,15,va,0.288,0.192,0.6666666666666667
35,16,avˌea,0.288,0.288,1.0
35,17,o,0.32,0.288,0.8999999999999999
35,18,lˈuŋɡə,0.288,0.224,0.7777777777777779
35,19,duɾˈatə,0.32,0.288,0.8999999999999999
35,20,saʊ,0.288,0.288,1.0
35,21,se,0.288,0.352,1.2222222222222223
35,22,va,0.32,0.32,1.0
35,23,redˈutʃe,0.288,0.288,1.0
35,24,la,0.32,0.32,1.0
35,25,un,0.288,0.256,0.888888888888889
35,26,sˈimplu,0.288,0.224,0.7777777777777779
35,27,ʃi,0.32,0.16,0.5
35,28,pɾekˈar,0.288,0.256,0.888888888888889
35,29,ˌarmistˈitsiʊ.,0.32,0.352,1.0999999999999999
36,0,ɨn,0.32,0.32,1.0
36,1,vɾˈeme,0.352,0.288,0.8181818181818181
36,2,tʃe,0.352,0.352,1.0
36,3,kˌortedʒiʲˈul,0.352,0.288,0.8181818181818181
36,4,ʃˌerpujˈa,0.32,0.32,1.0
36,5,pe,0.352,0.384,1.090909090909091
36,6,lˈɨŋɡə,0.352,0.48,1.3636363636363638
36,7,"zidˈurʲ,",0.352,0.448,1.272727272727273
36,8,pɾˈeotsiɪ,0.32,0.32,1.0
36,9,ʃi,0.352,0.384,1.090909090909091
36,10,multsˈimea,0.352,0.384,1.090909090909091
36,11,bˌinekˌuvɨntˈaʊ,0.352,0.352,1.0
36,12,pe,0.32,0.384,1.2
36,13,soldˈatsiɪ,0.352,0.416,1.1818181818181819
36,14,de,0.352,0.352,1.0
36,15,pe,0.352,0.288,0.8181818181818181
36,16,mˌeteɾˈeze,0.32,0.32,1.0
36,17,ʃiʲ,0.352,0.32,0.9090909090909092
36,18,ˌimploɾˈaʊ,0.352,0.352,1.0
36,19,pe,0.352,0.416,1.1818181818181819
36,20,sfˈɨnta,0.32,0.352,1.0999999999999999
36,21,petʃˈɔaɾə,0.352,0.32,0.9090909090909092
36,22,sə,0.352,0.288,0.8181818181818181
36,23,ˌizbəvˈeaskə,0.352,0.064,0.18181818181818182
36,24,oɾˈaʃul,0.32,0.256,0.8
36,25,de,0.352,0.16,0.4545454545454546
36,26,urdʒˈiʲa,0.352,0.288,0.8181818181818181
36,27,pˌəɡɨnʲˈilor.,0.352,0.384,1.090909090909091
37,0,lˈumea,0.32,0.288,0.8999999999999999
37,1,se,0.32,0.384,1.2
37,2,skˈurdʒea,0.352,0.32,0.9090909090909092
37,3,ɨn,0.32,0.256,0.8
37,4,sˈusul,0.352,0.32,0.9090909090909092
37,5,ʃi,0.32,0.32,1.0
37,6,ɨn,0.352,0.288,0.8181818181818181
37,7,ʒˈosul,0.32,0.32,1.0
37,8,"stɾˈəziɪ,",0.32,0.32,1.0
37,9,fˈərə,0.352,0.32,0.9090909090909092
37,10,a,0.32,0.256,0.8
37,11,aɾˈunka,0.352,0.416,1.1818181818181819
37,12,tʃel,0.32,0.288,0.8999999999999999
37,13,putsˈin,0.352,0.288,0.8181818181818181
37,14,o,0.32,0.32,1.0
37,15,pɾivˈiɾe,0.32,0.192,0.6
37,16,asˈupɾa,0.352,0.352,1.0
37,17,"mərfˈurilor,",0.32,0.288,0.8999999999999999
37,18,o,0.352,0.32,0.9090909090909092
37,19,rɨndwˈite,0.32,0.32,1.0
37,20,ɨn,0.352,0.32,0.9090909090909092
37,21,tˈɔate,0.32,0.352,1.0999999999999999
37,22,kipˈurile,0.32,0.224,0.7
37,23,pe,0.352,0.128,0.36363636363636365
37,24,taɾˈaba,0.32,0.288,0.8999999999999999
37,25,din,0.352,0.352,1.0
37,26,fˈatsa,0.32,0.352,1.0999999999999999
37,27,pɾˌəbəlˈiʲeɪ.,0.352,0.48,1.3636363636363638
38,0,muɾˈad,0.288,0.288,1.0
38,1,ˌordonˈase,0.32,0.32,1.0
38,2,atˈuntʃʲ,0.32,0.352,1.0999999999999999
38,3,ˌarmatˈelor,0.32,0.352,1.0999999999999999
38,4,sale,0.32,0.352,1.0999999999999999
38,5,sə,0.32,0.256,0.8
38,6,jˈa,0.32,0.16,0.5
38,7,ku,0.32,0.256,0.8
38,8,asˈalt,0.32,0.256,0.8
38,9,kˌonstantˌinopolˈele,0.32,0.256,0.8
38,10,aktsjˈune,0.32,0.352,1.0999999999999999
38,11,de,0.32,0.384,1.2
38,12,mˈaɾe,0.32,0.16,0.5
38,13,"amplˈɔaɾe,",0.32,0.128,0.4
38,14,pe,0.288,0.288,1.0
38,15,kˌaɾe,0.32,0.256,0.8
38,16,nˈitʃʲ,0.32,0.256,0.8
38,17,unul,0.32,0.32,1.0
38,18,dˈintɾe,0.32,0.32,1.0
38,19,ˌɨnaɪntˈaʃiɪ,0.32,0.32,1.0
38,20,səɪ,0.32,0.416,1.2999999999999998
38,21,nu,0.32,0.32,1.0
38,22,ˌizbutisˈeɾə,0.32,0.32,1.0
38,23,sə,0.32,0.224,0.7
38,24,o,0.32,0.32,1.0
38,25,dˈukə,0.32,0.32,1.0
38,26,la,0.32,0.288,0.8999999999999999
38,27,kˈapət.,0.32,0.416,1.2999999999999998
39,0,sˌuplitʃˈiʲul,0.352,0.288,0.8181818181818181
39,1,dˌeskəpˌətsɨnəɾˈiɪ,0.384,0.384,1.0
39,2,ku,0.352,0.384,1.090909090909091
39,3,"sekˈuɾea,",0.384,0.384,1.0
39,4,hˌotəɾˈɨt,0.384,0.352,0.9166666666666666
39,5,de,0.352,0.224,0.6363636363636365
39,6,lˈedʒea,0.384,0.448,1.1666666666666667
39,7,kɾˌiminalʲˈilor,0.352,0.448,1.272727272727273
39,8,de,0.384,0.416,1.0833333333333333
39,9,"rˈɨnd,",0.384,0.416,1.0833333333333333
39,10,səɪ,0.352,0.32,0.9090909090909092
39,11,se,0.384,0.32,0.8333333333333334
39,12,ˈaplitʃˌe,0.352,0.352,1.0
39,13,ʃi,0.384,0.416,1.0833333333333333
39,14,luɪ,0.384,0.416,1.0833333333333333
39,15,"orkˈan,",0.352,0.224,0.6363636363636365
39,16,ˌɨnaˈinte,0.384,0.352,0.9166666666666666
39,17,de,0.352,0.384,1.090909090909091
39,18,ˈapusul,0.384,0.352,0.9166666666666666
39,19,sɔaɾˈeluɪ,0.384,0.256,0.6666666666666666
39,20,sə,0.352,0.192,0.5454545454545455
39,21,fˌiʲe,0.384,0.352,0.9166666666666666
39,22,ʒˌudekˈat,0.352,0.096,0.27272727272727276
39,23,ʃiʲ,0.384,0.224,0.5833333333333334
39,24,ˌeɡzekutˈat.,0.384,0.448,1.1666666666666667
40,0,ˌambasadˈoruluɪ,0.352,0.448,1.272727272727273
40,1,se,0.352,0.288,0.8181818181818181
40,2,rekomˈanda,0.384,0.448,1.1666666666666667
40,3,sə,0.352,0.352,1.0
40,4,dˈea,0.384,0.416,1.0833333333333333
40,5,dovˈadə,0.352,0.224,0.6363636363636365
40,6,de,0.352,0.096,0.27272727272727276
40,7,tˈakt,0.384,0.288,0.7499999999999999
40,8,ɨn,0.352,0.384,1.090909090909091
40,9,nˌeɡotʃjeɾʲˈile,0.384,0.384,1.0
40,10,ku,0.352,0.32,0.9090909090909092
40,11,tˈurtʃiɪ,0.384,0.448,1.1666666666666667
40,12,ʃi,0.352,0.416,1.1818181818181819
40,13,sə,0.352,0.448,1.272727272727273
40,14,rˌaportˈeze,0.384,0.448,1.1666666666666667
40,15,sˌekɾetˈaruluɪ,0.352,0.32,0.9090909090909092
40,16,de,0.384,0.384,1.0
40,17,stˈat,0.352,0.384,1.090909090909091
40,18,pˌentɾu,0.384,0.192,0.5
40,19,afˈatʃeɾʲˌile,0.352,0.256,0.7272727272727273
40,20,ekstˈerne,0.352,0.384,1.090909090909091
40,21,dˌifikˌultətsʲˈile,0.384,0.352,0.9166666666666666
40,22,evˈite,0.352,0.352,1.0
40,23,ɨn,0.384,0.352,0.9166666666666666
40,24,kˈursul,0.352,0.352,1.0
40,25,dˌiskutsˈiɪlor.,0.384,0.32,0.8333333333333334
41,0,fˈiɪndkə,0.352,0.48,1.3636363636363638
41,1,nu,0.384,0.544,1.4166666666666667
41,2,avˌea,0.384,0.416,1.0833333333333333
41,3,la,0.352,0.352,1.0
41,4,ˌɨndemˈɨnə,0.384,0.352,0.9166666666666666
41,5,o,0.384,0.384,1.0
41,6,"lˈantʃe,",0.384,0.448,1.1666666666666667
41,7,fəkˈut,0.352,0.224,0.6363636363636365
41,8,din,0.384,0.352,0.9166666666666666
41,9,stˈiklə,0.384,0.384,1.0
41,10,ˈarmə,0.352,0.384,1.090909090909091
41,11,ʃi,0.384,0.288,0.7499999999999999
41,12,ku,0.384,0.384,1.0
41,13,o,0.384,0.32,0.8333333333333334
41,14,fˈortsə,0.352,0.448,1.272727272727273
41,15,ˌɨnzetʃˈitə,0.384,0.448,1.1666666666666667
41,16,de,0.384,0.384,1.0
41,17,kɾedˈintsa,0.352,0.32,0.9090909090909092
41,18,aɪ,0.384,0.288,0.7499999999999999
41,19,"kɾˌeʃtinˈeaskə,",0.384,0.288,0.7499999999999999
41,20,ɨl,0.384,0.192,0.5
41,21,tɾˈəznʲʲ,0.352,0.352,1.0
41,22,pe,0.384,0.16,0.4166666666666667
41,23,dˈemon,0.384,0.192,0.5
41,24,ɨntsˈeastə.,0.384,0.384,1.0
42,0,aʒˈunse,0.288,0.384,1.3333333333333335
42,1,la,0.288,0.288,1.0
42,2,feɾˈeastɾə,0.32,0.224,0.7
42,3,fˈərə,0.288,0.192,0.6666666666666667
42,4,sə,0.32,0.352,1.0999999999999999
42,5,se,0.288,0.32,1.1111111111111112
42,6,ɨmpjˈeditʃˌe,0.32,0.256,0.8
42,7,de,0.288,0.224,0.7777777777777779
42,8,mˈasa,0.288,0.192,0.6666666666666667
42,9,mˈaɾe,0.32,0.096,0.3
42,10,ʃi,0.288,0.192,0.6666666666666667
42,11,lˈuŋɡə,0.32,0.704,2.1999999999999997
42,12,pe,0.288,0.256,0.888888888888889
42,13,kˌaɾe,0.32,0.288,0.8999999999999999
42,14,o,0.288,0.352,1.2222222222222223
42,15,ʃtjˈa,0.288,0.288,1.0
42,16,ɨn,0.32,0.352,1.0999999999999999
42,17,mˈiʒlokul,0.288,0.256,0.888888888888889
42,18,ˌɨnkəpˈeɾiɪ,0.32,0.416,1.2999999999999998
42,19,ʃi,0.288,0.288,1.0
42,20,nˈitʃʲ,0.32,0.288,0.8999999999999999
42,21,de,0.288,0.192,0.6666666666666667
42,22,ləzʲˈile,0.288,0.224,0.7777777777777779
42,23,fɾumˈos,0.32,0.448,1.4
42,24,skulptˈate,0.288,0.128,0.4444444444444445
42,25,ˌoɾʲʲ,0.32,0.256,0.8
42,26,ɨndwˈite,0.288,0.352,1.2222222222222223
42,27,dea,0.32,0.256,0.8
42,28,lˈuŋɡul,0.288,0.32,1.1111111111111112
42,29,pˌeɾetsʲˈilor.,0.32,0.32,1.0
43,0,ɨn,0.384,0.512,1.3333333333333333
43,1,ˌurmətɔaɾˈele,0.384,0.544,1.4166666666666667
43,2,dˈouˌəzetʃʲʃipˈatɾu,0.384,0.288,0.7499999999999999
43,3,de,0.416,0.384,0.9230769230769231
43,4,"ˈoɾe,",0.384,0.352,0.9166666666666666
43,5,bˌombardˌamentˈele,0.384,0.32,0.8333333333333334
43,6,pɾˌovokˈaɾe,0.416,0.48,1.153846153846154
43,7,stɾˌikətʃˈunʲʲ,0.384,0.512,1.3333333333333333
43,8,maɪ,0.384,0.256,0.6666666666666666
43,9,mˈaɾʲʲ,0.384,0.256,0.6666666666666666
43,10,zidˈurilor,0.416,0.352,0.8461538461538461
43,11,dekˈɨt,0.384,0.352,0.9166666666666666
43,12,ɨn,0.384,0.256,0.6666666666666666
43,13,tˈot,0.416,0.192,0.46153846153846156
43,14,kˈursul,0.384,0.256,0.6666666666666666
43,15,tʃelor,0.384,0.32,0.8333333333333334
43,16,ʃˈapte,0.384,0.416,1.0833333333333333
43,17,sˌəptəmˈɨnʲʲ,0.416,0.48,1.153846153846154
43,18,kˌaɾe,0.384,0.32,0.8333333333333334
43,19,se,0.384,0.288,0.7499999999999999
43,20,skˌursesˈele,0.416,0.384,0.9230769230769231
43,21,dˌela,0.384,0.448,1.1666666666666667
43,22,ˌɨntʃepˈutul,0.384,0.48,1.25
43,23,ˌasedˈiʊluɪ.,0.416,0.48,1.153846153846154
44,0,voj,0.448,0.512,1.1428571428571428
44,1,tɾansmˈite,0.448,0.48,1.0714285714285714
44,2,dendˈatə,0.448,0.288,0.6428571428571428
44,3,ˈordinul,0.448,0.384,0.8571428571428571
44,4,ˌɨnəltsˈimiɪ,0.448,0.448,1.0
44,5,tale,0.448,0.384,0.8571428571428571
44,6,kˌomandantsʲˈilor,0.448,0.288,0.6428571428571428
44,7,de,0.448,0.384,0.8571428571428571
44,8,mˈaɾʲʲ,0.448,0.416,0.9285714285714285
44,9,"ˌunitˈətsʲʲ,",0.448,0.48,1.0714285714285714
44,10,zˈise,0.48,0.48,1.0
44,11,zˌaɡanˈos,0.448,0.384,0.8571428571428571
44,12,"pˈaʃa,",0.448,0.448,1.0
44,13,mˌanifestˈɨnduʃʲ,0.448,0.288,0.6428571428571428
44,14,ˌadezjˈunea,0.448,0.448,1.0
44,15,de,0.448,0.48,1.0714285714285714
44,16,plˈinə,0.448,0.416,0.9285714285714285
44,17,fˈatsə,0.448,0.352,0.7857142857142857
44,18,de,0.448,0.512,1.1428571428571428
44,19,hˌotəɾˈɨɾea,0.448,0.448,1.0
44,20,sultˈanuluɪ.,0.48,0.544,1.1333333333333335
45,0,plˈin,0.384,0.32,0.8333333333333334
45,1,de,0.384,0.512,1.3333333333333333
45,2,"sˈɨŋdʒe,",0.384,0.384,1.0
45,3,de,0.384,0.16,0.4166666666666667
45,4,"pɾˈaf,",0.384,0.416,1.0833333333333333
45,5,de,0.416,0.32,0.7692307692307693
45,6,"sudˈɔaɾe,",0.384,0.352,0.9166666666666666
45,7,bˌajazˈid,0.384,0.416,1.0833333333333333
45,8,emˈana,0.384,0.288,0.7499999999999999
45,9,un,0.384,0.288,0.7499999999999999
45,10,miɾˈos,0.384,0.256,0.6666666666666666
45,11,ˈakɾo,0.416,0.384,0.9230769230769231
45,12,de,0.384,0.224,0.5833333333333334
45,13,"tsˈap,",0.384,0.384,1.0
45,14,ˌakopeɾˈind,0.384,0.448,1.1666666666666667
45,15,pˈɨnə,0.384,0.448,1.1666666666666667
45,16,ʃi,0.384,0.512,1.3333333333333333
45,17,mˌiɾesmˈele,0.416,0.416,1.0
45,18,rˌəspɨndˈite,0.384,0.16,0.4166666666666667
45,19,din,0.384,0.224,0.5833333333333334
45,20,pˌotpuɾˈiʊrile,0.384,0.32,0.8333333333333334
45,21,de,0.384,0.416,1.0833333333333333
45,22,ardʒˈint.,0.416,0.448,1.076923076923077
46,0,se,0.224,0.192,0.8571428571428571
46,1,ˈuɪtə,0.256,0.224,0.875
46,2,la,0.256,0.256,1.0
46,3,sɔaɾˈele,0.256,0.352,1.375
46,4,kˌaɾe,0.256,0.288,1.125
46,5,a,0.256,0.32,1.25
46,6,ˌɨntʃepˈut,0.256,0.192,0.75
46,7,sə,0.256,0.032,0.125
46,8,se,0.256,0.256,1.0
46,9,apˈunə,0.256,0.256,1.0
46,10,ʃi,0.256,0.256,1.0
46,11,se,0.256,0.224,0.875
46,12,rˈuɡə,0.256,0.192,0.75
46,13,de,0.256,0.256,1.0
46,14,alˈah,0.256,0.256,1.0
46,15,ka,0.256,0.256,1.0
46,16,nˈɔaptea,0.256,0.224,0.875
46,17,sə,0.256,0.224,0.875
46,18,se,0.224,0.064,0.2857142857142857
46,19,lˈase,0.256,0.128,0.5
46,20,maɪ,0.256,0.16,0.625
46,21,rˈepedˌe,0.256,0.256,1.0
46,22,spɾˈe,0.256,0.192,0.75
46,23,a,0.256,0.256,1.0
46,24,akˈopeɾʲˌʲ,0.256,0.256,1.0
46,25,vedˈeɾiɪ,0.256,0.288,1.125
46,26,ɡˈeawrilor,0.256,0.288,1.125
46,27,bˌulutʃˈitsʲʲ,0.256,0.224,0.875
46,28,pe,0.256,0.736,2.875
46,29,zidˈurʲ,0.256,0.16,0.625
46,30,ɨn,0.256,0.032,0.125
46,31,ruʃˈinea,0.256,0.16,0.625
46,32,de,0.256,0.32,1.25
46,33,pe,0.256,0.288,1.125
46,34,obɾˈazul,0.256,0.288,1.125
46,35,maɾˈineɪ,0.256,0.256,1.0
46,36,ˌotomˈane.,0.256,0.256,1.0
47,0,ˈɨntɾo,0.352,0.384,1.090909090909091
47,1,nˈɔapte,0.384,0.48,1.25
47,2,fˈərə,0.352,0.384,1.090909090909091
47,3,"lˈunə,",0.384,0.16,0.4166666666666667
47,4,ˈɨʃʲʲ,0.352,0.288,0.8181818181818181
47,5,lwˈase,0.384,0.32,0.8333333333333334
47,6,nevˈasta,0.352,0.384,1.090909090909091
47,7,ʃi,0.384,0.384,1.0
47,8,"pɾˌodʒenitˈuɾa,",0.352,0.224,0.6363636363636365
47,9,redˈusə,0.384,0.352,0.9166666666666666
47,10,pe,0.352,0.416,1.1818181818181819
47,11,atˈuntʃʲ,0.384,0.448,1.1666666666666667
47,12,la,0.352,0.352,1.0
47,13,ʃˈapte,0.384,0.384,1.0
47,14,kˈopiɪ,0.352,0.256,0.7272727272727273
47,15,din,0.384,0.224,0.5833333333333334
47,16,ˈunspɾezˌetʃe,0.352,0.384,1.090909090909091
47,17,ʃi,0.384,0.416,1.0833333333333333
47,18,feɾˈinduse,0.352,0.352,1.0
47,19,de,0.384,0.512,1.3333333333333333
47,20,"kaɾˈaʊle,",0.352,0.288,0.8181818181818181
47,21,pornˈise,0.384,0.256,0.6666666666666666
47,22,spɾˈe,0.352,0.32,0.9090909090909092
47,23,kˌonstantˌinopˈole.,0.384,0.448,1.1666666666666667
0,0,vekˈiʊl,0.448,1.12,2.5
0,1,zˈid,0.448,0.32,0.7142857142857143
0,2,din,0.448,0.288,0.6428571428571428
0,3,pjˈatɾə,0.48,0.416,0.8666666666666667
0,4,maɪ,0.448,0.352,0.7857142857142857
0,5,deɡɾˈabə,0.448,0.352,0.7857142857142857
0,6,dekˈɨt,0.48,0.256,0.5333333333333333
0,7,burlˈanul,0.448,0.384,0.8571428571428571
0,8,"spˈart,",0.448,0.256,0.5714285714285714
0,9,farmˈekul,0.48,0.416,0.8666666666666667
0,10,pjetɾˈelor,0.448,0.416,0.9285714285714285
0,11,din,0.448,0.064,0.14285714285714285
0,12,kˌaldəɾˈɨm,0.48,0.224,0.4666666666666667
0,13,maɪ,0.448,0.16,0.35714285714285715
0,14,deɡɾˈabə,0.448,0.832,1.857142857142857
0,15,dekˈɨt,0.448,0.48,1.0714285714285714
0,16,fˈaptul,0.48,0.544,1.1333333333333335
0,17,kə,0.448,0.448,1.0
0,18,jeɾˌaʊ,0.448,0.512,1.1428571428571428
0,19,"ˌalunekˈɔase,",0.48,0.224,0.4666666666666667
0,20,kitʃˈiʲul,0.448,0.224,0.5
0,21,naˈiv,0.448,0.448,1.0
0,22,al,0.48,0.32,0.6666666666666667
0,23,vˌitɾinˈelor,0.448,0.384,0.8571428571428571
0,24,maɪ,0.448,0.352,0.7857142857142857
0,25,kuɾˈɨnd,0.48,0.224,0.4666666666666667
0,26,dekˈɨt,0.448,0.128,0.2857142857142857
0,27,ridˈikolul,0.448,0.416,0.9285714285714285
0,28,lˈor.,0.48,0.416,0.8666666666666667
1,0,ɨn,0.384,0.416,1.0833333333333333
1,1,lˈok,0.384,0.16,0.4166666666666667
1,2,de,0.416,0.128,0.3076923076923077
1,3,rəspˈuns,0.384,0.064,0.16666666666666666
1,4,un,0.384,0.224,0.5833333333333334
1,5,rˈiktus,0.416,0.192,0.46153846153846156
1,6,dˌuɾeɾˈos,0.384,0.192,0.5
1,7,skˌimonˈosiɪ,0.384,0.096,0.25
1,8,fˈatsa,0.416,0.16,0.38461538461538464
1,9,ˈolɡaj,0.384,0.032,0.08333333333333333
1,10,ʃi,0.384,0.096,0.25
1,11,noj,0.416,0.16,0.38461538461538464
1,12,kˌontinwˈa,0.384,0.032,0.08333333333333333
1,13,tatjˈana,0.384,0.064,0.16666666666666666
1,14,neje,0.416,0.032,0.07692307692307693
1,15,dˈor,0.384,0.032,0.08333333333333333
1,16,de,0.384,0.032,0.08333333333333333
1,17,bərbˈatsiɪ,0.416,0.256,0.6153846153846154
1,18,nˌoʃtɾi,0.384,0.384,1.0
1,19,dar,0.384,0.896,2.3333333333333335
1,20,de,0.416,3.104,7.461538461538462
1,21,tʃe,0.384,0.416,1.0833333333333333
1,22,sə,0.384,0.544,1.4166666666666667
1,23,ne,0.416,0.16,0.38461538461538464
1,24,fˈatʃem,0.384,0.032,0.08333333333333333
1,25,ɡɾˈiʒʲʲ,0.384,0.032,0.08333333333333333
1,26,pˌentɾu,0.416,0.096,0.23076923076923078
1,27,jeɪ,0.384,0.256,0.6666666666666666
1,28,maɪ,0.384,0.32,0.8333333333333334
1,29,mˈult,0.416,0.096,0.23076923076923078
1,30,dekˈɨt,0.384,0.128,0.3333333333333333
1,31,pˌentɾu,0.384,0.288,0.7499999999999999
1,32,nˈoj?,0.416,0.384,0.9230769230769231
2,0,ɨn,0.416,0.224,0.5384615384615385
2,1,kˈameɾˌa,0.416,0.032,0.07692307692307693
2,2,luɪ,0.416,0.096,0.23076923076923078
2,3,de,0.416,0.512,1.2307692307692308
2,4,"hotˈel,",0.416,0.448,1.076923076923077
2,5,"ɡˈol,",0.416,0.032,0.07692307692307693
2,6,ku,0.416,2.08,5.0
2,7,un,0.448,0.608,1.357142857142857
2,8,pɾosˈop,0.416,0.352,0.8461538461538461
2,9,ɨn,0.416,0.448,1.076923076923077
2,10,ʒˈurul,0.416,0.224,0.5384615384615385
2,11,"ʃalˈelor,",0.416,0.352,0.8461538461538461
2,12,bˌaltazˈar,0.416,0.448,1.076923076923077
2,13,balsˈan,0.416,0.384,0.9230769230769231
2,14,asˈista,0.416,0.16,0.38461538461538464
2,15,ku,0.448,0.352,0.7857142857142857
2,16,ɡˈuɾa,0.416,0.416,1.0
2,17,ɡəskˈatə,0.416,0.416,1.0
2,18,la,0.416,0.416,1.0
2,19,dˌemolˈaɾea,0.416,0.128,0.3076923076923077
2,20,sa,0.416,0.128,0.3076923076923077
2,21,ɨn,0.416,0.384,0.9230769230769231
2,22,diɾˈektsiʲˌe.,0.448,0.8,1.7857142857142858
3,0,neavˈɨnd,0.32,0.256,0.8
3,1,habˈar,0.352,0.32,0.9090909090909092
3,2,de,0.352,0.352,1.0
3,3,atʃˌeastə,0.32,0.416,1.2999999999999998
3,4,"ˌadʒitˈatsje,",0.352,0.352,1.0
3,5,dˌeɔaretʃˈe,0.352,0.384,1.090909090909091
3,6,nu,0.32,0.288,0.8999999999999999
3,7,tʃˈitea,0.352,0.32,0.9090909090909092
3,8,zjaɾˈele,0.352,0.32,0.9090909090909092
3,9,ʃi,0.352,0.32,0.9090909090909092
3,10,nˈitʃʲ,0.32,0.224,0.7
3,11,nu,0.352,0.352,1.0
3,12,se,0.352,0.416,1.1818181818181819
3,13,uɪtˈa,0.32,0.32,1.0
3,14,la,0.352,0.32,0.9090909090909092
3,15,ˌemisjunʲˈile,0.352,0.352,1.0
3,16,"kˌultuɾˈale,",0.32,0.352,1.0999999999999999
3,17,odˈetə,0.352,0.224,0.6363636363636365
3,18,nu,0.352,0.288,0.8181818181818181
3,19,ʃiʲ,0.352,0.416,1.1818181818181819
3,20,imˈadʒinˌa,0.32,0.352,1.0999999999999999
3,21,kə,0.352,0.352,1.0
3,22,skɾitˈorul,0.352,0.288,0.8181818181818181
3,23,jeɪ,0.32,0.256,0.8
3,24,tɾetʃˈea,0.352,0.352,1.0
3,25,pɾin,0.352,0.384,1.090909090909091
3,26,momˈente,0.32,0.224,0.7
3,27,atˈɨt,0.352,0.096,0.27272727272727276
3,28,de,0.352,0.352,1.0
3,29,ɡɾˈele.,0.352,0.288,0.8181818181818181
4,0,antˈɔan,0.448,0.288,0.6428571428571428
4,1,ˈɨnsə,0.448,0.544,1.2142857142857144
4,2,le,0.448,0.448,1.0
4,3,ˌatɾibujˈa,0.448,0.416,0.9285714285714285
4,4,ˈɔamenʲˌilor,0.448,0.288,0.6428571428571428
4,5,nobʲˈile,0.448,0.352,0.7857142857142857
4,6,"intˈentsiɪ,",0.448,0.256,0.5714285714285714
4,7,skopˈurʲ,0.448,0.384,0.8571428571428571
4,8,"ɨnˈalte,",0.448,0.288,0.6428571428571428
4,9,"ˌidealˈurʲ,",0.448,0.352,0.7857142857142857
4,10,de,0.448,0.448,1.0
4,11,pˈarkə,0.448,0.352,0.7857142857142857
4,12,jel,0.448,0.288,0.6428571428571428
4,13,nar,0.448,0.32,0.7142857142857143
4,14,fˈiʲ,0.448,0.256,0.5714285714285714
4,15,ˌaɾunkˈat,0.448,0.384,0.8571428571428571
4,16,nˌitʃodˈatə,0.448,0.416,0.9285714285714285
4,17,o,0.448,0.16,0.35714285714285715
4,18,"pɾivˈiɾe,",0.448,0.448,1.0
4,19,lutʃˈidə,0.448,0.128,0.2857142857142857
4,20,mˈintsiɪ,0.448,0.032,0.07142857142857142
4,21,ˌomenˈeʃtʲʲ,0.448,0.32,0.7142857142857143
4,22,ka,0.448,0.352,0.7857142857142857
4,23,sə,0.448,0.448,1.0
4,24,dˌeskopˈeɾe,0.448,0.416,0.9285714285714285
4,25,ɨn,0.448,0.384,0.8571428571428571
4,26,tʃe,0.448,0.224,0.5
4,27,hˈal,0.448,0.32,0.7142857142857143
4,28,duhnˈea,0.448,0.384,0.8571428571428571
4,29,ʃi,0.448,0.128,0.2857142857142857
4,30,vjˌermujˈa.,0.48,0.512,1.0666666666666667
5,0,un,0.352,0.16,0.4545454545454546
5,1,lˈent,0.384,0.064,0.16666666666666666
5,2,momˈent,0.384,0.032,0.08333333333333333
5,3,de,0.384,0.096,0.25
5,4,"plətʃˈeɾe,",0.352,0.224,0.6363636363636365
5,5,urmˈat,0.384,0.448,1.1666666666666667
5,6,de,0.384,0.576,1.4999999999999998
5,7,un,0.384,0.512,1.3333333333333333
5,8,sˈomn,0.352,1.056,3.0000000000000004
5,9,"adˈɨnk,",0.384,0.288,0.7499999999999999
5,10,ˌɨi,0.384,0.224,0.5833333333333334
5,11,konvˈenea,0.384,0.32,0.8333333333333334
5,12,maɪ,0.352,0.384,1.090909090909091
5,13,mˈult,0.384,0.288,0.7499999999999999
5,14,dekˈɨt,0.384,0.288,0.7499999999999999
5,15,o,0.384,0.384,1.0
5,16,nˈɔapte,0.384,0.352,0.9166666666666666
5,17,ˌadʒitˈatə,0.352,0.32,0.9090909090909092
5,18,alˈəturʲ,0.384,0.352,0.9166666666666666
5,19,de,0.384,0.32,0.8333333333333334
5,20,un,0.384,0.288,0.7499999999999999
5,21,"ˌarməsˈar,",0.352,0.288,0.8181818181818181
5,22,ɨn,0.384,0.384,1.0
5,23,kˌaɾe,0.384,0.32,0.8333333333333334
5,24,rˌəɡazˈurile,0.384,0.352,0.9166666666666666
5,25,ʃi,0.352,0.384,1.090909090909091
5,26,plətʃˈeɾʲile,0.384,0.384,1.0
5,27,skˈurte,0.384,0.416,1.0833333333333333
5,28,se,0.384,0.32,0.8333333333333334
5,29,sˌuktʃedˈaʊ.,0.384,0.384,1.0
6,0,jeɾˌa,0.32,0.448,1.4
6,1,ja,0.352,0.384,1.090909090909091
6,2,"konʃtjˈentə,",0.32,0.32,1.0
6,3,ˌinstalˈɨnduse,0.352,0.192,0.5454545454545455
6,4,ku,0.32,0.288,0.8999999999999999
6,5,sˈotsul,0.352,0.352,1.0
6,6,jeɪ,0.352,0.384,1.090909090909091
6,7,la,0.32,0.32,1.0
6,8,"kannˈes,",0.352,0.416,1.1818181818181819
6,9,kə,0.32,0.224,0.7
6,10,ləsˈa,0.352,0.16,0.4545454545454546
6,11,ɨn,0.32,0.32,1.0
6,12,ˈurma,0.352,0.32,0.9090909090909092
6,13,"jˈeɪ,",0.352,0.224,0.6363636363636365
6,14,"lovˈitə,",0.32,0.192,0.6
6,15,"livˈidə,",0.352,0.064,0.18181818181818182
6,16,o,0.32,0.32,1.0
6,17,femˈeje,0.352,0.256,0.7272727272727273
6,18,kˌaɾe,0.352,0.64,1.8181818181818183
6,19,doɾˈise,0.32,0.256,0.8
6,20,vɾˈeme,0.352,0.384,1.090909090909091
6,21,de,0.32,0.32,1.0
6,22,dˈouˌəzetʃʲʃitʃˈintʃʲ,0.352,0.288,0.8181818181818181
6,23,de,0.32,0.224,0.7
6,24,ˈanʲʲ,0.352,0.192,0.5454545454545455
6,25,sə,0.352,0.192,0.5454545454545455
6,26,jˈa,0.32,0.288,0.8999999999999999
6,27,lˈokul,0.352,0.256,0.7272727272727273
6,28,ʃiʲ,0.32,0.16,0.5
6,29,ˈɨnkə,0.352,0.064,0.18181818181818182
6,30,maɪ,0.32,0.064,0.2
6,31,speɾˈa,0.352,0.32,0.9090909090909092
6,32,ˌasta,0.352,0.352,1.0
6,33,ku,0.32,0.32,1.0
6,34,kˌɨtevˈa,0.352,0.384,1.090909090909091
6,35,minˈute,0.32,0.352,1.0999999999999999
6,36,maɪ,0.352,0.448,1.272727272727273
6,37,ˌɨnaˈinte?,0.352,0.288,0.8181818181818181
7,0,pe,0.416,0.416,1.0
7,1,deasˈupɾa,0.416,0.704,1.6923076923076923
7,2,kipˈurilor,0.416,0.512,1.2307692307692308
7,3,"ˌanonˈime,",0.448,0.256,0.5714285714285714
7,4,remarkˈase,0.416,0.064,0.15384615384615385
7,5,o,0.416,0.32,0.7692307692307693
7,6,femˈeje,0.416,0.448,1.076923076923077
7,7,"fɾumˈɔasə,",0.448,0.448,1.0
7,8,o,0.416,0.384,0.9230769230769231
7,9,metˈisə,0.416,0.224,0.5384615384615385
7,10,ˌɨmbɾəkˈatə,0.416,0.384,0.9230769230769231
7,11,ɨn,0.448,0.48,1.0714285714285714
7,12,mətˈase,0.416,0.384,0.9230769230769231
7,13,rˌoʃjatˈikə,0.416,0.352,0.8461538461538461
7,14,ʃi,0.416,0.352,0.8461538461538461
7,15,kastˈaniʊ,0.448,0.352,0.7857142857142857
7,16,aˈuɾje,0.416,0.448,1.076923076923077
7,17,ʃi,0.416,0.352,0.8461538461538461
7,18,"kˌaɾe,",0.416,0.096,0.23076923076923078
7,19,stˈɨnd,0.448,0.16,0.35714285714285715
7,20,"deopˈarte,",0.416,0.512,1.2307692307692308
7,21,se,0.416,0.32,0.7692307692307693
7,22,plimbˈa,0.416,0.288,0.6923076923076923
7,23,ɨn,0.448,0.224,0.5
7,24,sˈus,0.416,0.096,0.23076923076923078
7,25,ʃi,0.416,0.32,0.7692307692307693
7,26,ɨn,0.416,0.288,0.6923076923076923
7,27,ʒˈos.,0.448,0.576,1.2857142857142856
8,0,de,0.288,0.288,1.0
8,1,fjekˈaɾe,0.32,0.352,1.0999999999999999
8,2,dˈatə,0.32,0.32,1.0
8,3,se,0.32,0.192,0.6
8,4,ˈɨnskɾja,0.32,0.192,0.6
8,5,fˈərə,0.32,0.288,0.8999999999999999
8,6,kˈef,0.288,0.256,0.888888888888889
8,7,la,0.32,0.352,1.0999999999999999
8,8,kˌɨtevˈa,0.32,0.288,0.8999999999999999
8,9,"ekskˈursiɪ,",0.32,0.32,1.0
8,10,pˌentɾu,0.32,0.224,0.7
8,11,kə,0.32,0.224,0.7
8,12,antˈɔan,0.288,0.256,0.888888888888889
8,13,jar,0.32,0.32,1.0
8,14,fˈi,0.32,0.352,1.0999999999999999
8,15,repɾoʃˈat,0.32,0.288,0.8999999999999999
8,16,kə,0.32,0.256,0.8
8,17,nu,0.32,0.32,1.0
8,18,le,0.32,0.32,1.0
8,19,"fˈatʃe,",0.288,0.576,2.0
8,20,dar,0.32,0.032,0.1
8,21,nu,0.32,0.128,0.4
8,22,jeɾˌa,0.32,0.416,1.2999999999999998
8,23,kˌupleʃˈitə,0.32,0.288,0.8999999999999999
8,24,de,0.32,0.32,1.0
8,25,ˌadmiɾˈatsje,0.288,0.256,0.888888888888889
8,26,ɨn,0.32,0.256,0.8
8,27,fˈatsa,0.32,0.352,1.0999999999999999
8,28,a,0.32,0.32,1.0
8,29,tʃˌeea,0.32,0.352,1.0999999999999999
8,30,tʃe,0.32,0.384,1.2
8,31,deskˈopeɾˌea.,0.32,0.256,0.8
9,0,merɡˈɨnd,0.288,0.064,0.22222222222222224
9,1,pe,0.288,0.672,2.3333333333333335
9,2,plˈaʃa,0.288,0.384,1.3333333333333335
9,3,pe,0.32,0.384,1.2
9,4,kˌaɾe,0.288,0.224,0.7777777777777779
9,5,vˈɨntul,0.288,0.224,0.7777777777777779
9,6,nu,0.288,0.224,0.7777777777777779
9,7,ˌavusˈese,0.32,0.352,1.0999999999999999
9,8,tˈimp,0.288,0.256,0.888888888888889
9,9,sə,0.288,0.224,0.7777777777777779
9,10,o,0.288,0.288,1.0
9,11,usˈutʃe,0.32,0.288,0.8999999999999999
9,12,ˈɨntɾe,0.288,0.256,0.888888888888889
9,13,dˈoʊa,0.288,0.192,0.6666666666666667
9,14,"vˈerse,",0.288,0.032,0.11111111111111112
9,15,pˌentɾu,0.32,0.192,0.6
9,16,kə,0.288,0.352,1.2222222222222223
9,17,pˌitʃɔaɾˈele,0.288,0.224,0.7777777777777779
9,18,jeɪ,0.288,0.32,1.1111111111111112
9,19,se,0.32,0.256,0.8
9,20,tˈot,0.288,0.224,0.7777777777777779
9,21,ˌafundˈaʊ,0.288,0.256,0.888888888888889
9,22,ˈɨntrun,0.288,0.224,0.7777777777777779
9,23,nisˈip,0.32,0.256,0.8
9,24,la,0.288,0.032,0.11111111111111112
9,25,fˈel,0.288,0.032,0.11111111111111112
9,26,de,0.288,0.16,0.5555555555555556
9,27,dˈens,0.32,0.256,0.8
9,28,ka,0.288,0.128,0.4444444444444445
9,29,un,0.288,0.032,0.11111111111111112
9,30,tʃimˈent,0.288,0.256,0.888888888888889
9,31,ɡˈata,0.32,0.32,1.0
9,32,sə,0.288,0.288,1.0
9,33,fˈakə,0.288,0.256,0.888888888888889
9,34,"pɾˈizə,",0.288,0.032,0.11111111111111112
9,35,ja,0.32,0.128,0.4
9,36,nu,0.288,0.192,0.6666666666666667
9,37,se,0.288,0.288,1.0
9,38,putˈu,0.288,0.288,1.0
9,39,ɨmpjˈedikˌa,0.32,0.352,1.0999999999999999
9,40,sə,0.288,0.256,0.888888888888889
9,41,nu,0.288,0.256,0.888888888888889
9,42,bˈombənˌe.,0.32,0.352,1.0999999999999999
10,0,dˌakə,0.512,1.76,3.4375
10,1,tʃˌinevˈa,0.544,0.48,0.8823529411764705
10,2,posˈedə,0.544,0.544,1.0
10,3,ɨn,0.512,0.416,0.8125
10,4,asˈemenˌea,0.544,0.288,0.5294117647058822
10,5,ɡɾˈad,0.544,0.544,1.0
10,6,sˈimtsul,0.544,0.416,0.7647058823529411
10,7,"kliʃˈelor,",0.512,0.032,0.0625
10,8,domnˈule,0.544,0.448,0.8235294117647058
10,9,"balsˈan,",0.544,0.608,1.1176470588235292
10,10,nu,0.512,0.384,0.75
10,11,tɾˈebwiʲˌe,0.544,0.288,0.5294117647058822
10,12,sˌəʃʲʲ,0.544,0.64,1.1764705882352942
10,13,numˈeaskə,0.544,0.544,1.0
10,14,pɾodˈuktsja,0.512,0.512,1.0
10,15,"romˈan,",0.544,0.448,0.8235294117647058
10,16,tʃˈi,0.544,0.448,0.8235294117647058
10,17,dˌiktsjonˈar.,0.544,0.64,1.1764705882352942
11,0,kˌonsideɾˈɨnd,0.352,0.384,1.090909090909091
11,1,kə,0.384,0.352,0.9166666666666666
11,2,ɡəzdwˈiɾea,0.384,0.32,0.8333333333333334
11,3,de,0.384,0.256,0.6666666666666666
11,4,lˌokatˈaɾe,0.384,0.384,1.0
11,5,dˌevenˈise,0.384,0.416,1.0833333333333333
11,6,ˌadevəɾˈata,0.384,0.48,1.25
11,7,jeɪ,0.384,0.384,1.0
11,8,"mesˈeɾje,",0.384,0.416,1.0833333333333333
11,9,le,0.384,0.288,0.7499999999999999
11,10,sˌelektsjonˈa,0.384,0.224,0.5833333333333334
11,11,ɨn,0.384,0.288,0.7499999999999999
11,12,ˈurma,0.384,0.352,0.9166666666666666
11,13,"ˌekspertˈizeɪ,",0.384,0.288,0.7499999999999999
11,14,ˈastfel,0.384,0.384,1.0
11,15,kə,0.352,0.288,0.8181818181818181
11,16,ʃtjˈa,0.384,0.352,0.9166666666666666
11,17,pe,0.384,0.512,1.3333333333333333
11,18,de,0.384,0.512,1.3333333333333333
11,19,rˈost,0.384,0.448,1.1666666666666667
11,20,tʃele,0.384,0.416,1.0833333333333333
11,21,ʃˈase,0.384,0.384,1.0
11,22,poɾˈuntʃʲ,0.384,0.384,1.0
11,23,ale,0.384,0.192,0.5
11,24,tʃeluɪ,0.384,0.128,0.3333333333333333
11,25,kˌaɾe,0.384,0.448,1.1666666666666667
11,26,jˈa,0.384,0.32,0.8333333333333334
11,27,kiɾjˈaʃ,0.384,0.416,1.0833333333333333
11,28,ɨn,0.384,0.352,0.9166666666666666
11,29,ɡˈazdə.,0.384,0.384,1.0
12,0,tʃel,0.352,0.128,0.36363636363636365
12,1,maɪ,0.352,0.16,0.4545454545454546
12,2,mˈult,0.384,0.064,0.16666666666666666
12,3,mə,0.352,0.032,0.09090909090909091
12,4,dˌeskumpˈənea,0.352,0.032,0.09090909090909091
12,5,fˈaptul,0.384,0.384,1.0
12,6,kə,0.352,0.96,2.7272727272727275
12,7,atˈuntʃʲ,0.352,0.48,1.3636363636363638
12,8,kɨnd,0.384,1.632,4.25
12,9,ˌadolestʃˈentul,0.352,0.288,0.8181818181818181
12,10,ku,0.352,0.352,1.0
12,11,pjˈelea,0.384,0.384,1.0
12,12,luɪ,0.352,0.32,0.9090909090909092
12,13,ˈalbə,0.352,0.288,0.8181818181818181
12,14,ʃi,0.384,0.32,0.8333333333333334
12,15,"nˈetedˌə,",0.352,0.16,0.4545454545454546
12,16,ku,0.352,0.288,0.8181818181818181
12,17,pˈərul,0.384,0.416,1.0833333333333333
12,18,luɪ,0.352,0.32,0.9090909090909092
12,19,"boɡˈat,",0.352,0.288,0.8181818181818181
12,20,ku,0.384,0.352,0.9166666666666666
12,21,pˌitʃɔaɾˈele,0.352,0.288,0.8181818181818181
12,22,luɪ,0.352,0.32,0.9090909090909092
12,23,"lˈuŋdʒʲ,",0.384,0.32,0.8333333333333334
12,24,ku,0.352,0.224,0.6363636363636365
12,25,pˈas,0.352,0.352,1.0
12,26,ɡˌolənˈesk,0.384,0.224,0.5833333333333334
12,27,ʃi,0.352,0.064,0.18181818181818182
12,28,lˌeɡənˈat,0.352,0.352,1.0
12,29,tɾekˈuse,0.384,0.416,1.0833333333333333
12,30,pe,0.352,0.288,0.8181818181818181
12,31,lˈɨŋɡə,0.352,0.032,0.09090909090909091
12,32,"mˈine,",0.384,0.128,0.3333333333333333
12,33,ɨl,0.352,0.288,0.8181818181818181
12,34,dˌoɾisˈem.,0.384,0.16,0.4166666666666667
13,0,pˌentɾu,0.352,0.544,1.5454545454545456
13,1,kə,0.352,0.544,1.5454545454545456
13,2,jeɾˌa,0.352,0.384,1.090909090909091
13,3,de,0.352,0.288,0.8181818181818181
13,4,o,0.352,0.544,1.5454545454545456
13,5,oɾˈidʒinˌe,0.352,0.288,0.8181818181818181
13,6,"modˈestə,",0.352,0.16,0.4545454545454546
13,7,pˌentɾu,0.352,0.352,1.0
13,8,kə,0.352,0.16,0.4545454545454546
13,9,jeɾˌa,0.352,0.032,0.09090909090909091
13,10,de,0.352,0.288,0.8181818181818181
13,11,o,0.352,0.256,0.7272727272727273
13,12,ˌintelidʒˈentsə,0.384,0.448,1.1666666666666667
13,13,"mˈedje,",0.352,0.16,0.4545454545454546
13,14,pˌentɾu,0.352,0.032,0.09090909090909091
13,15,kə,0.352,0.224,0.6363636363636365
13,16,venˈea,0.352,0.16,0.4545454545454546
13,17,ku,0.352,0.032,0.09090909090909091
13,18,ˌaʊtobˈuzul,0.352,0.032,0.09090909090909091
13,19,dˌela,0.352,0.096,0.27272727272727276
13,20,"kˌarleɾˈoj,",0.352,0.032,0.09090909090909091
13,21,oɾˈaʃ,0.352,0.064,0.18181818181818182
13,22,minjˈer,0.352,0.224,0.6363636363636365
13,23,"dˌezafektˈat,",0.352,0.224,0.6363636363636365
13,24,ˌɨi,0.352,0.16,0.4545454545454546
13,25,fəkˈu,0.384,0.32,0.8333333333333334
13,26,plətʃˈeɾe,0.352,0.384,1.090909090909091
13,27,sə,0.352,0.352,1.0
13,28,dˌeskopˈeɾe,0.352,0.32,0.9090909090909092
13,29,kə,0.352,0.16,0.4545454545454546
13,30,le,0.352,0.256,0.7272727272727273
13,31,je,0.352,0.192,0.5454545454545455
13,32,sˌupeɾjɔˈaɾə,0.352,0.16,0.4545454545454546
13,33,tʃelor,0.352,0.352,1.0
13,34,din,0.352,0.224,0.6363636363636365
13,35,"bɾˌukselˈes,",0.352,0.064,0.18181818181818182
13,36,məkˈar,0.352,0.096,0.27272727272727276
13,37,ka,0.352,0.032,0.09090909090909091
13,38,fˈatsə.,0.384,0.16,0.4166666666666667
14,0,ˌaʊtokˈarul,0.384,0.352,0.9166666666666666
14,1,tɾetʃˈea,0.384,0.032,0.08333333333333333
14,2,akˈum,0.416,0.064,0.15384615384615385
14,3,de,0.384,0.032,0.08333333333333333
14,4,portsʲˈile,0.416,0.032,0.07692307692307693
14,5,"tʃˌitadˈeleɪ,",0.384,0.064,0.16666666666666666
14,6,ˌadukˈɨnd,0.416,0.096,0.23076923076923078
14,7,tɾˈupa,0.384,0.096,0.25
14,8,meltʃˈilor,0.384,0.032,0.08333333333333333
14,9,vˈerzʲʲ,0.416,0.032,0.07692307692307693
14,10,la,0.384,0.032,0.08333333333333333
14,11,tˈeatrul,0.416,0.032,0.07692307692307693
14,12,mˌunitʃipˈal.,0.384,0.064,0.16666666666666666
14,13,diɾˈektorul,0.416,0.16,0.38461538461538464
14,14,urkˈər,0.384,0.128,0.3333333333333333
14,15,ɨn,0.416,0.032,0.07692307692307693
14,16,pˈartea,0.384,0.032,0.08333333333333333
14,17,din,0.384,0.16,0.4166666666666667
14,18,fˈatsə,0.416,0.288,0.6923076923076923
14,19,ʃi,0.384,0.032,0.08333333333333333
14,20,le,0.416,0.288,0.6923076923076923
14,21,"anˈuntsə,",0.384,0.096,0.25
14,22,ku,0.416,0.16,0.38461538461538464
14,23,o,0.384,0.224,0.5833333333333334
14,24,mˈutɾə,0.416,0.096,0.23076923076923078
14,25,"ursˈuzə,",0.384,0.256,0.6666666666666666
14,26,kə,0.384,0.384,1.0
14,27,rezˌervəɾʲˈile,0.416,0.352,0.8461538461538461
14,28,nu,0.384,0.384,1.0
14,29,dˌepəʃˈaʊ,0.416,0.448,1.076923076923077
14,30,o,0.384,0.416,1.0833333333333333
14,31,tɾeˈime,0.416,0.608,1.4615384615384617
14,32,din,0.384,0.352,0.9166666666666666
14,33,sˈalə.,0.416,0.384,0.9230769230769231
15,0,dar,0.288,0.384,1.3333333333333335
15,1,nu,0.32,0.352,1.0999999999999999
15,2,am,0.288,0.352,1.2222222222222223
15,3,ˌaʃteptˈat,0.32,0.32,1.0
15,4,sə,0.288,0.32,1.1111111111111112
15,5,sˈimt,0.32,0.256,0.8
15,6,nevˈoɪa,0.32,0.288,0.8999999999999999
15,7,ˌuneɪ,0.288,0.288,1.0
15,8,noj,0.32,0.192,0.6
15,9,tunsˈoɾʲʲ,0.288,0.032,0.11111111111111112
15,10,ka,0.32,0.16,0.5
15,11,sə,0.32,0.288,0.8999999999999999
15,12,revˈin,0.288,0.256,0.888888888888889
15,13,la,0.32,0.32,1.0
15,14,ˌateljˈerul,0.288,0.32,1.1111111111111112
15,15,kˌapilˈar,0.32,0.352,1.0999999999999999
15,16,ˈunde,0.288,0.48,1.6666666666666667
15,17,am,0.32,0.256,0.8
15,18,detʃˈis,0.32,0.352,1.0999999999999999
15,19,sə,0.288,0.224,0.7777777777777779
15,20,pɾofˈit,0.32,0.16,0.5
15,21,ʃi,0.288,0.32,1.1111111111111112
15,22,de,0.32,0.32,1.0
15,23,ˈalte,0.32,0.32,1.0
15,24,ˌɨŋɡɾiʒˈiɾʲʲ,0.288,0.32,1.1111111111111112
15,25,pe,0.32,0.288,0.8999999999999999
15,26,kˌaɾe,0.288,0.352,1.2222222222222223
15,27,atʃˌesta,0.32,0.32,1.0
15,28,lea,0.288,0.224,0.7777777777777779
15,29,"ˌofeɾˈea,",0.32,0.256,0.8
15,30,jˈar,0.32,0.352,1.0999999999999999
15,31,ˌintʃidˈentul,0.288,0.224,0.7777777777777779
15,32,sa,0.32,0.32,1.0
15,33,pɾodˈus,0.288,0.32,1.1111111111111112
15,34,din,0.32,0.256,0.8
15,35,nˈoʊ.,0.32,0.32,1.0
16,0,jeʊ,0.416,0.32,0.7692307692307693
16,1,mam,0.448,0.768,1.7142857142857142
16,2,rˌidikˈat,0.448,1.024,2.2857142857142856
16,3,ɨn,0.416,0.352,0.8461538461538461
16,4,lˈokul,0.448,0.352,0.7857142857142857
16,5,tatˈəluɪ,0.448,0.32,0.7142857142857143
16,6,mˌeu,0.416,0.192,0.46153846153846156
16,7,"dˈavid,",0.448,0.224,0.5
16,8,mam,0.448,0.384,0.8571428571428571
16,9,ˌaʃezˈat,0.416,0.352,0.8461538461538461
16,10,pe,0.448,0.352,0.7857142857142857
16,11,tɾˈonul,0.448,0.32,0.7142857142857143
16,12,luɪ,0.416,0.288,0.6923076923076923
16,13,"ˌisɾaˈel,",0.448,0.256,0.5714285714285714
16,14,aʃˈa,0.448,0.512,1.1428571428571428
16,15,kˈum,0.416,0.384,0.9230769230769231
16,16,a,0.448,0.416,0.9285714285714285
16,17,pɾomˈis,0.448,0.224,0.5
16,18,"dˈomnul,",0.416,0.256,0.6153846153846154
16,19,ʃiʲ,0.448,0.32,0.7142857142857143
16,20,am,0.448,0.384,0.8571428571428571
16,21,konstɾwˈit,0.416,0.32,0.7692307692307693
16,22,kˈasa,0.448,0.352,0.7857142857142857
16,23,pˌentɾu,0.448,0.32,0.7142857142857143
16,24,numˈele,0.416,0.096,0.23076923076923078
16,25,dˈomnuluɪ,0.448,0.352,0.7857142857142857
16,26,dˌumnezˈeuluɪ,0.448,0.224,0.5
16,27,ˌisɾaˈel.,0.448,0.544,1.2142857142857144
17,0,dˈomnja,0.416,0.384,0.9230769230769231
17,1,luɪ,0.448,0.224,0.5
17,2,jotˈam,0.416,0.16,0.38461538461538464
17,3,pˈeste,0.448,0.384,0.8571428571428571
17,4,jˈuda,0.448,0.384,0.8571428571428571
17,5,"jotˈam,",0.416,0.32,0.7692307692307693
17,6,fˈiʊl,0.448,0.032,0.07142857142857142
17,7,luɪ,0.416,0.032,0.07692307692307693
17,8,"ˈuzja,",0.448,1.056,2.357142857142857
17,9,a,0.448,0.672,1.5
17,10,ˌɨntʃepˈut,0.416,0.288,0.6923076923076923
17,11,sə,0.448,0.448,1.0
17,12,domnˈeaskə,0.416,0.416,1.0
17,13,pˈeste,0.448,0.416,0.9285714285714285
17,14,jˈuda,0.448,0.416,0.9285714285714285
17,15,ɨn,0.416,0.384,0.9230769230769231
17,16,al,0.448,0.384,0.8571428571428571
17,17,dˈoɪlea,0.416,0.288,0.6923076923076923
17,18,ˈan,0.448,0.416,0.9285714285714285
17,19,al,0.448,0.224,0.5
17,20,luɪ,0.416,0.448,1.076923076923077
17,21,"pekˈah,",0.448,0.32,0.7142857142857143
17,22,fˈiʊl,0.416,0.352,0.8461538461538461
17,23,luɪ,0.448,0.416,0.9285714285714285
17,24,"remˈalja,",0.448,0.352,0.7857142857142857
17,25,redʒˈele,0.416,0.352,0.8461538461538461
17,26,luɪ,0.448,0.352,0.7857142857142857
17,27,ˌisɾaˈel.,0.448,0.512,1.1428571428571428
18,0,jel,0.352,0.224,0.6363636363636365
18,1,a,0.384,1.024,2.6666666666666665
18,2,umblˈat,0.352,0.704,2.0
18,3,pe,0.384,0.32,0.8333333333333334
18,4,kˈalea,0.384,0.32,0.8333333333333334
18,5,redʒˈilor,0.352,0.224,0.6363636363636365
18,6,luɪ,0.384,0.32,0.8333333333333334
18,7,"ˌisɾaˈel,",0.352,0.192,0.5454545454545455
18,8,fəkˈɨnd,0.384,0.192,0.5
18,9,tʃe,0.384,0.352,0.9166666666666666
18,10,jˌeste,0.352,0.256,0.7272727272727273
18,11,rˈəʊ,0.384,0.256,0.6666666666666666
18,12,ˌɨnaˈintea,0.352,0.352,1.0
18,13,okˈilor,0.384,0.32,0.8333333333333334
18,14,"dˈomnuluɪ,",0.384,0.352,0.9166666666666666
18,15,aʃˈa,0.352,0.32,0.9090909090909092
18,16,kˈum,0.384,0.16,0.4166666666666667
18,17,a,0.384,0.32,0.8333333333333334
18,18,fəkˈut,0.352,0.288,0.8181818181818181
18,19,famˈilja,0.384,0.352,0.9166666666666666
18,20,luɪ,0.352,0.288,0.8181818181818181
18,21,"ahˈab,",0.384,0.224,0.5833333333333334
18,22,kˈətʃʲ,0.384,0.32,0.8333333333333334
18,23,sˈotsja,0.352,0.288,0.8181818181818181
18,24,luɪ,0.384,0.384,1.0
18,25,jeɾˌa,0.352,0.352,1.0
18,26,o,0.384,0.32,0.8333333333333334
18,27,fˈatə,0.384,0.32,0.8333333333333334
18,28,a,0.352,0.288,0.8181818181818181
18,29,luɪ,0.384,0.256,0.6666666666666666
18,30,ahˈab.,0.384,0.32,0.8333333333333334
19,0,jel,0.352,1.088,3.0909090909090913
19,1,a,0.384,0.352,0.9166666666666666
19,2,tɾəˈit,0.384,0.384,1.0
19,3,ɨn,0.352,0.352,1.0
19,4,tˈɔate,0.384,0.352,0.9166666666666666
19,5,pˌəkatˈele,0.384,0.384,1.0
19,6,pe,0.384,0.352,0.9166666666666666
19,7,kˌaɾe,0.352,0.288,0.8181818181818181
19,8,tˈatəl,0.384,0.352,0.9166666666666666
19,9,səʊ,0.384,0.32,0.8333333333333334
19,10,le,0.384,0.384,1.0
19,11,kˌomisˈese,0.352,0.192,0.5454545454545455
19,12,ˌɨnaˈintea,0.384,0.288,0.7499999999999999
19,13,luɪ,0.384,0.32,0.8333333333333334
19,14,ʃiʲ,0.384,0.416,1.0833333333333333
19,15,ˈinimˌa,0.352,0.352,1.0
19,16,luɪ,0.384,0.384,1.0
19,17,nˌuiʲa,0.384,0.192,0.5
19,18,fost,0.384,0.352,0.9166666666666666
19,19,dˌevotˈatə,0.352,0.288,0.8181818181818181
19,20,ɨn,0.384,0.288,0.7499999999999999
19,21,ˌɨntɾedʒˈime,0.384,0.352,0.9166666666666666
19,22,dˈomnuluɪ,0.384,0.288,0.7499999999999999
19,23,dˌumnezˈeul,0.352,0.352,1.0
19,24,"sˈəʊ,",0.384,0.16,0.4166666666666667
19,25,kˈum,0.384,0.416,1.0833333333333333
19,26,fusˈese,0.384,0.288,0.7499999999999999
19,27,ˈinimˌa,0.352,0.32,0.9090909090909092
19,28,tatˈəluɪ,0.384,0.352,0.9166666666666666
19,29,"sˈəʊ,",0.384,0.352,0.9166666666666666
19,30,dˈavid.,0.384,0.736,1.9166666666666665
20,0,ˌɨi,0.352,0.32,0.9090909090909092
20,1,va,0.384,0.352,0.9166666666666666
20,2,lwˈa,0.384,0.384,1.0
20,3,pe,0.384,0.384,1.0
20,4,slˌuʒitˈoɾiɪ,0.352,0.352,1.0
20,5,"vˈoʃtɾi,",0.384,0.096,0.25
20,6,pe,0.384,0.384,1.0
20,7,slˌuʒitɔaɾˈele,0.384,0.384,1.0
20,8,"vˈɔastɾe,",0.384,0.352,0.9166666666666666
20,9,pe,0.352,0.32,0.9090909090909092
20,10,tʃeɪ,0.384,0.384,1.0
20,11,maɪ,0.384,0.416,1.0833333333333333
20,12,bˈunʲʲ,0.384,0.352,0.9166666666666666
20,13,dˈintɾe,0.352,0.32,0.9090909090909092
20,14,tˈineɾˌiɪ,0.384,0.384,1.0
20,15,vˌoʃtɾi,0.384,0.384,1.0
20,16,ʃi,0.384,0.16,0.4166666666666667
20,17,pe,0.384,0.288,0.7499999999999999
20,18,məɡˈaɾiɪ,0.352,0.352,1.0
20,19,vˌoʃtɾi,0.384,0.416,1.0833333333333333
20,20,ʃiʲ,0.384,0.48,1.25
20,21,ˌɨi,0.384,0.352,0.9166666666666666
20,22,va,0.352,0.32,0.9090909090909092
20,23,fˌolosˈi,0.384,0.384,1.0
20,24,pˌentɾu,0.384,0.288,0.7499999999999999
20,25,lˌukɾəɾʲˈile,0.384,0.352,0.9166666666666666
20,26,lˈuɪ.,0.384,0.384,1.0
21,0,dar,0.384,0.416,1.0833333333333333
21,1,sihˈon,0.384,0.352,0.9166666666666666
21,2,na,0.416,0.384,0.9230769230769231
21,3,avˈut,0.384,0.352,0.9166666666666666
21,4,ˌɨnkɾedˈeɾe,0.384,0.288,0.7499999999999999
21,5,ɨn,0.416,0.544,1.307692307692308
21,6,"ˌizɾaˈel,",0.384,0.512,1.3333333333333333
21,7,ka,0.384,0.352,0.9166666666666666
21,8,səl,0.416,0.384,0.9230769230769231
21,9,lˈase,0.384,0.448,1.1666666666666667
21,10,səɪ,0.416,0.448,1.076923076923077
21,11,tɾˌaversˈeze,0.384,0.32,0.8333333333333334
21,12,"tˌeɾitoɾˈiʊl,",0.384,0.352,0.9166666666666666
21,13,tʃˈi,0.416,0.48,1.153846153846154
21,14,ʃʲa,0.384,0.416,1.0833333333333333
21,15,mˌobilizˈat,0.384,0.416,1.0833333333333333
21,16,popˈorul,0.416,0.352,0.8461538461538461
21,17,ʃʲa,0.384,0.224,0.5833333333333334
21,18,ˌaʃezˈat,0.416,0.32,0.7692307692307693
21,19,tˈabəɾˌa,0.384,0.384,1.0
21,20,la,0.384,0.288,0.7499999999999999
21,21,jahˈats,0.416,0.352,0.8461538461538461
21,22,ʃi,0.384,0.16,0.4166666666666667
21,23,sa,0.384,0.288,0.7499999999999999
21,24,luptˈat,0.416,0.416,1.0
21,25,ku,0.384,0.384,1.0
21,26,ˌizɾaˈel.,0.416,0.448,1.076923076923077
22,0,jel,0.544,0.544,1.0
22,1,ˈiʲa,0.544,0.704,1.2941176470588234
22,2,pˈus,0.544,0.416,0.7647058823529411
22,3,sə,0.544,0.448,0.8235294117647058
22,4,lokwjˈaskə,0.544,0.512,0.9411764705882353
22,5,ɨn,0.544,0.544,1.0
22,6,"halˈah,",0.544,0.608,1.1176470588235292
22,7,ɨn,0.544,0.512,0.9411764705882353
22,8,"ɡozˈan,",0.544,0.416,0.7647058823529411
22,9,dea,0.544,0.512,0.9411764705882353
22,10,lˈuŋɡul,0.544,0.32,0.5882352941176471
22,11,rˈyʊluɪ,0.544,0.576,1.0588235294117645
22,12,habˈor,0.544,0.544,1.0
22,13,ʃi,0.544,0.416,0.7647058823529411
22,14,ɨn,0.544,0.032,0.058823529411764705
22,15,tʃˌetətsʲˈile,0.544,0.352,0.6470588235294117
22,16,"mezʲˈilor,",0.544,0.096,0.1764705882352941
22,17,kˌauzˈele,0.544,0.576,1.0588235294117645
22,18,dˌesfiɪntsəɾˈiɪ,0.544,0.48,0.8823529411764705
22,19,reɡˈatuluɪ,0.544,0.48,0.8823529411764705
22,20,luɪ,0.544,0.416,0.7647058823529411
22,21,ˌisɾaˈel.,0.544,0.544,1.0
23,0,pe,0.352,0.8,2.272727272727273
23,1,la,0.384,0.384,1.0
23,2,mjˈezul,0.352,0.256,0.7272727272727273
23,3,nˈoptsiɪ,0.384,0.384,1.0
23,4,sa,0.352,0.256,0.7272727272727273
23,5,"tɾezˈit,",0.384,0.32,0.8333333333333334
23,6,a,0.352,0.256,0.7272727272727273
23,7,ˌapukˈat,0.384,0.32,0.8333333333333334
23,8,portsʲˈile,0.352,0.32,0.9090909090909092
23,9,dˌela,0.384,0.384,1.0
23,10,intɾˈaɾea,0.352,0.384,1.090909090909091
23,11,ɨn,0.384,0.224,0.5833333333333334
23,12,tʃetˈate,0.352,0.224,0.6363636363636365
23,13,ku,0.384,0.064,0.16666666666666666
23,14,ˌamɨndˈoj,0.352,0.192,0.5454545454545455
23,15,"stˈɨlpiɪ,",0.384,0.32,0.8333333333333334
23,16,lea,0.352,0.32,0.9090909090909092
23,17,smˈuls,0.384,0.32,0.8333333333333334
23,18,ku,0.352,0.16,0.4545454545454546
23,19,tˈot,0.384,0.32,0.8333333333333334
23,20,ku,0.352,0.256,0.7272727272727273
23,21,"zəvˈor,",0.384,0.032,0.08333333333333333
23,22,lea,0.352,0.096,0.27272727272727276
23,23,pˈus,0.384,0.096,0.25
23,24,pe,0.352,0.576,1.6363636363636362
23,25,ˈumeɾʲˌʲ,0.384,0.32,0.8333333333333334
23,26,ʃi,0.352,0.288,0.8181818181818181
23,27,lea,0.384,0.384,1.0
23,28,dˈus,0.352,0.32,0.9090909090909092
23,29,pe,0.384,0.352,0.9166666666666666
23,30,vˈɨrful,0.352,0.32,0.9090909090909092
23,31,muntˈeluɪ,0.384,0.352,0.9166666666666666
23,32,din,0.352,0.32,0.9090909090909092
23,33,fˈatsa,0.384,0.352,0.9166666666666666
23,34,hebɾˈonuluɪ.,0.384,0.32,0.8333333333333334
24,0,elˈiseɪ,0.352,0.416,1.1818181818181819
24,1,ˌɨi,0.352,0.256,0.7272727272727273
24,2,zisˈese,0.352,0.384,1.090909090909091
24,3,femˈeiɪ,0.352,0.384,1.090909090909091
24,4,pe,0.352,0.288,0.8181818181818181
24,5,al,0.384,0.352,0.9166666666666666
24,6,kəɾˈuɪ,0.352,0.256,0.7272727272727273
24,7,fˈiʊl,0.352,0.288,0.8181818181818181
24,8,"ɨnvjˈase,",0.352,0.384,1.090909090909091
24,9,ridˈikəte,0.352,0.256,0.7272727272727273
24,10,ʃi,0.352,0.032,0.09090909090909091
24,11,plˈeakə,0.384,0.288,0.7499999999999999
24,12,ˌɨmpɾeˈunə,0.352,0.288,0.8181818181818181
24,13,ku,0.352,0.32,0.9090909090909092
24,14,famˈilja,0.352,0.192,0.5454545454545455
24,15,ta,0.352,0.096,0.27272727272727276
24,16,ʃi,0.352,0.064,0.18181818181818182
24,17,lˌokwiʲˈeʃte,0.384,0.256,0.6666666666666666
24,18,pe,0.352,0.032,0.09090909090909091
24,19,ˈunde,0.352,0.256,0.7272727272727273
24,20,veɪ,0.352,0.352,1.0
24,21,"putˈea,",0.352,0.32,0.9090909090909092
24,22,pˌentɾu,0.384,0.352,0.9166666666666666
24,23,kə,0.352,0.288,0.8181818181818181
24,24,dˈomnul,0.352,0.352,1.0
24,25,a,0.352,0.608,1.7272727272727273
24,26,hˌotəɾˈɨt,0.352,0.32,0.9090909090909092
24,27,sə,0.352,0.256,0.7272727272727273
24,28,vˈinə,0.384,0.32,0.8333333333333334
24,29,o,0.352,0.288,0.8181818181818181
24,30,fɔamˈete,0.352,0.288,0.8181818181818181
24,31,de,0.352,0.32,0.9090909090909092
24,32,ʃˈapte,0.352,0.288,0.8181818181818181
24,33,ˈanʲʲ,0.352,0.224,0.6363636363636365
24,34,pˈeste,0.384,0.192,0.5
24,35,tsˈaɾə,0.352,0.096,0.27272727272727276
24,36,ʃi,0.352,0.064,0.18181818181818182
24,37,ja,0.352,0.448,1.272727272727273
24,38,ˌaʃʲʲ,0.352,0.16,0.4545454545454546
24,39,ˌɨntʃepˈut.,0.384,0.384,1.0
25,0,dˌomitˈoɾiɪ,0.352,0.384,1.090909090909091
25,1,fˌilistenʲˈilor,0.352,0.32,0.9090909090909092
25,2,saʊ,0.352,0.352,1.0
25,3,dˈus,0.352,0.224,0.6363636363636365
25,4,la,0.384,0.32,0.8333333333333334
25,5,"jˈa,",0.352,0.352,1.0
25,6,ʃiʲ,0.352,0.096,0.27272727272727276
25,7,ˈiʲaʊ,0.352,0.032,0.09090909090909091
25,8,zˈis,0.384,0.128,0.3333333333333333
25,9,ˌamədʒˈeʃtel,0.352,0.352,1.0
25,10,ʃiʲ,0.352,0.064,0.18181818181818182
25,11,ˈaflə,0.352,0.512,1.4545454545454546
25,12,de,0.352,0.352,1.0
25,13,ˈunde,0.384,1.12,2.916666666666667
25,14,vˈine,0.352,0.352,1.0
25,15,putˈeɾea,0.352,0.352,1.0
25,16,luɪ,0.352,0.416,1.1818181818181819
25,17,tʃea,0.384,0.384,1.0
25,18,mˈaɾe,0.352,0.32,0.9090909090909092
25,19,ʃi,0.352,0.384,1.090909090909091
25,20,kˈum,0.352,0.32,0.9090909090909092
25,21,lam,0.352,0.288,0.8181818181818181
25,22,putˌea,0.384,0.352,0.9166666666666666
25,23,ɨnvˈiŋdʒe,0.352,0.256,0.7272727272727273
25,24,ka,0.352,0.288,0.8181818181818181
25,25,səl,0.352,0.352,1.0
25,26,putˌem,0.384,0.384,1.0
25,27,lˈeɡa,0.352,0.288,0.8181818181818181
25,28,ʃi,0.352,0.448,1.272727272727273
25,29,səl,0.352,0.288,0.8181818181818181
25,30,ˌumilˈim.,0.384,0.448,1.1666666666666667
26,0,dʒˌenealodʒˈiɪle,0.448,0.128,0.2857142857142857
26,1,kˌɨntəɾetsʲˈilor,0.48,0.032,0.06666666666666667
26,2,dˌela,0.48,0.256,0.5333333333333333
26,3,kˈasa,0.48,0.32,0.6666666666666667
26,4,dˈomnuluɪ,0.48,0.16,0.33333333333333337
26,5,jˈatəj,0.48,0.16,0.33333333333333337
26,6,pe,0.48,0.256,0.5333333333333333
26,7,tʃeɪ,0.48,0.032,0.06666666666666667
26,8,numˈitsʲʲ,0.48,0.032,0.06666666666666667
26,9,de,0.48,0.032,0.06666666666666667
26,10,dˈavid,0.48,0.448,0.9333333333333333
26,11,responsˈabil,0.48,0.448,0.9333333333333333
26,12,sə,0.48,0.576,1.2
26,13,ɨnˈaltse,0.48,0.576,1.2
26,14,kɨntˈəɾʲʲ,0.48,0.352,0.7333333333333333
26,15,ɨn,0.48,0.288,0.6
26,16,kˈasa,0.48,0.416,0.8666666666666667
26,17,"dˈomnuluɪ,",0.48,0.384,0.8
26,18,de,0.48,0.832,1.7333333333333334
26,19,kɨnd,0.48,0.608,1.2666666666666666
26,20,kivˈotul,0.48,0.16,0.33333333333333337
26,21,a,0.48,0.448,0.9333333333333333
26,22,avˈut,0.48,0.896,1.8666666666666667
26,23,un,0.48,0.384,0.8
26,24,lˈok,0.48,0.384,0.8
26,25,de,0.48,0.384,0.8
26,26,odˈihnə.,0.48,0.384,0.8
27,0,pɾˈeotul,0.448,0.512,1.1428571428571428
27,1,ʒˌehojˈada,0.448,0.448,1.0
27,2,a,0.448,0.256,0.5714285714285714
27,3,tɾimˈis,0.448,0.192,0.42857142857142855
27,4,kˌəpetenˈiɪle,0.448,0.416,0.9285714285714285
27,5,pˈeste,0.448,0.384,0.8571428571428571
27,6,sˈute,0.448,0.448,1.0
27,7,kˌaɾe,0.448,0.288,0.6428571428571428
27,8,kˌondutʃˈeaw,0.48,0.288,0.6
27,9,armˈata,0.448,0.416,0.9285714285714285
27,10,ʃi,0.448,0.416,0.9285714285714285
27,11,lea,0.448,0.256,0.5714285714285714
27,12,"zˈis,",0.448,0.352,0.7857142857142857
27,13,skˈɔatetsʲˌʲo,0.448,0.416,0.9285714285714285
27,14,afˈaɾə,0.448,0.192,0.42857142857142855
27,15,dˈintɾe,0.448,0.416,0.9285714285714285
27,16,rɨndˈurʲ,0.448,0.352,0.7857142857142857
27,17,ʃiʲ,0.48,0.448,0.9333333333333333
27,18,ˌoɾʲtʃˌine,0.448,0.416,0.9285714285714285
27,19,o,0.448,0.416,0.9285714285714285
27,20,va,0.448,0.352,0.7857142857142857
27,21,ˈurma,0.448,0.384,0.8571428571428571
27,22,sə,0.448,0.224,0.5
27,23,fˌiʲe,0.448,0.128,0.2857142857142857
27,24,ˌomoɾˈɨt,0.448,0.352,0.7857142857142857
27,25,ku,0.448,0.352,0.7857142857142857
27,26,sˈabja.,0.48,0.608,1.2666666666666666
28,0,"mˌeɾemˈot,",0.512,0.576,1.125
28,1,fˈiʊl,0.544,0.736,1.352941176470588
28,2,luɪ,0.544,0.064,0.11764705882352941
28,3,"ˈuɾja,",0.544,0.608,1.1176470588235292
28,4,fˈiʊl,0.544,0.224,0.4117647058823529
28,5,luɪ,0.512,1.344,2.625
28,6,"hakˈots,",0.544,0.384,0.7058823529411764
28,7,a,0.544,0.224,0.4117647058823529
28,8,restˌauɾˈat,0.544,0.48,0.8823529411764705
28,9,ˌurmətˈɔaɾea,0.544,0.256,0.47058823529411764
28,10,pˈarte,0.544,0.448,0.8235294117647058
28,11,a,0.512,0.416,0.8125
28,12,"zˈiduluɪ,",0.544,0.384,0.7058823529411764
28,13,jˈar,0.544,0.512,0.9411764705882353
28,14,"mˌesulˈam,",0.544,0.512,0.9411764705882353
28,15,fˈiʊl,0.544,0.16,0.29411764705882354
28,16,luɪ,0.544,0.48,0.8823529411764705
28,17,"beɾˈekja,",0.512,0.416,0.8125
28,18,fˈiʊl,0.544,0.48,0.8823529411764705
28,19,luɪ,0.544,0.672,1.2352941176470589
28,20,"mˌeʃezabˈel,",0.544,0.48,0.8823529411764705
28,21,pe,0.544,0.48,0.8823529411764705
28,22,ˌurmətˈɔaɾea.,0.544,0.64,1.1764705882352942
29,0,jˌonatˈan,0.384,0.448,1.1666666666666667
29,1,la,0.384,0.224,0.5833333333333334
29,2,vorbˈit,0.384,0.256,0.6666666666666666
29,3,de,0.384,0.416,1.0833333333333333
29,4,bˈine,0.416,0.384,0.9230769230769231
29,5,pe,0.384,0.352,0.9166666666666666
29,6,dˈavid,0.384,0.32,0.8333333333333334
29,7,tatˈəluɪ,0.384,0.288,0.7499999999999999
29,8,səʊ,0.384,0.352,0.9166666666666666
29,9,sˈaʊl,0.416,0.384,0.9230769230769231
29,10,"zikˈɨnduj,",0.384,0.128,0.3333333333333333
29,11,sə,0.384,0.416,1.0833333333333333
29,12,nu,0.384,0.416,1.0833333333333333
29,13,pˌəkətwjˈaskə,0.384,0.384,1.0
29,14,redʒˈele,0.416,0.448,1.076923076923077
29,15,ˌɨmpotɾˈiva,0.384,0.416,1.0833333333333333
29,16,slˌuʒitˈoruluɪ,0.384,0.384,1.0
29,17,səʊ,0.384,0.352,0.9166666666666666
29,18,"dˈavid,",0.384,0.288,0.7499999999999999
29,19,pˌentɾu,0.416,0.416,1.0
29,20,kə,0.384,0.256,0.6666666666666666
29,21,jel,0.384,0.352,0.9166666666666666
29,22,na,0.384,0.352,0.9166666666666666
29,23,pˌəkətwˈit,0.384,0.384,1.0
29,24,ˌɨmpotɾˈiva,0.416,0.416,1.0
29,25,"tˈa,",0.384,0.48,1.25
29,26,tʃˈi,0.384,0.288,0.7499999999999999
29,27,din,0.384,0.416,1.0833333333333333
29,28,potɾˈivə.,0.416,0.288,0.6923076923076923
30,0,de,0.384,0.416,1.0833333333333333
30,1,"atʃˈeɪa,",0.416,0.416,1.0
30,2,dˈəm,0.384,0.224,0.5833333333333334
30,3,ˌɨntseleptʃˈune,0.416,0.416,1.0
30,4,ʃi,0.416,0.48,1.153846153846154
30,5,kˌunoʃtˈintsə,0.384,0.384,1.0
30,6,ka,0.416,0.352,0.8461538461538461
30,7,sə,0.384,0.16,0.4166666666666667
30,8,pot,0.416,0.32,0.7692307692307693
30,9,kondˈutʃe,0.416,0.352,0.8461538461538461
30,10,popˈorul,0.384,0.384,1.0
30,11,"atʃˈesta,",0.416,0.352,0.8461538461538461
30,12,kˈətʃʲ,0.416,0.48,1.153846153846154
30,13,tʃˈine,0.384,0.32,0.8333333333333334
30,14,jˌeste,0.416,0.288,0.6923076923076923
30,15,ɨn,0.384,0.576,1.4999999999999998
30,16,stˈaɾe,0.416,0.544,1.307692307692308
30,17,sə,0.416,0.352,0.8461538461538461
30,18,ʒudˈetʃe,0.384,0.448,1.1666666666666667
30,19,atʃˌest,0.416,0.384,0.9230769230769231
30,20,popˈor,0.384,0.32,0.8333333333333334
30,21,al,0.416,0.32,0.7692307692307693
30,22,təʊ,0.416,0.384,0.9230769230769231
30,23,atˈɨt,0.384,0.064,0.16666666666666666
30,24,de,0.416,0.192,0.46153846153846156
30,25,nˌumeɾˈos?,0.416,0.608,1.4615384615384617
31,0,o,0.48,0.032,0.06666666666666667
31,1,"femˈeje,",0.48,0.448,0.9333333333333333
31,2,dˈouˌə,0.48,0.608,1.2666666666666666
31,3,femˈeɪ,0.48,0.864,1.8
31,4,de,0.48,0.448,0.9333333333333333
31,5,fjekˈaɾe,0.48,0.512,1.0666666666666667
31,6,"bərbˈat,",0.512,0.8,1.5625
31,7,pɾˈadə,0.48,0.448,0.9333333333333333
31,8,de,0.48,0.128,0.26666666666666666
31,9,stˈofə,0.48,0.192,0.4
31,10,kˌoloɾˈatə,0.48,0.288,0.6
31,11,pˌentɾu,0.48,0.16,0.33333333333333337
31,12,"sˈiseɾˌa,",0.512,0.128,0.25
31,13,pɾˈadə,0.48,0.064,0.13333333333333333
31,14,de,0.48,0.064,0.13333333333333333
31,15,stˈofə,0.48,0.448,0.9333333333333333
31,16,kˌoloɾˈatə,0.48,0.352,0.7333333333333333
31,17,"bɾodˈatə,",0.48,0.352,0.7333333333333333
31,18,kˈɨte,0.48,0.224,0.4666666666666667
31,19,dˈouˌə,0.512,0.416,0.8125
31,20,stˈofe,0.48,0.384,0.8
31,21,kˌoloɾˈate,0.48,0.416,0.8666666666666667
31,22,bɾodˈate,0.48,0.384,0.8
31,23,pˌentɾu,0.48,0.352,0.7333333333333333
31,24,ɡˈɨtul,0.48,0.48,1.0
31,25,pɾˌədətˈoruluɪ.,0.512,0.48,0.9375
32,0,voj,0.48,0.544,1.1333333333333335
32,1,rˌeuʃʲˈiʲ,0.512,0.256,0.5
32,2,ˈɔaɾe,0.512,0.48,0.9375
32,3,səɪ,0.512,0.224,0.4375
32,4,fˈak,0.512,0.544,1.0625
32,5,a,0.512,0.48,0.9375
32,6,ˌɨntselˈedʒe,0.512,0.48,0.9375
32,7,kˈɨt,0.48,0.416,0.8666666666666667
32,8,de,0.512,0.864,1.6875
32,9,ˌindispˌensabˈilə,0.512,0.448,0.875
32,10,jˌeste,0.512,0.48,0.9375
32,11,pɾezˈentsa,0.512,0.48,0.9375
32,12,ˌunuɪ,0.512,0.384,0.75
32,13,bizˈans,0.512,0.352,0.6875
32,14,ˌindependˈent,0.48,0.16,0.33333333333333337
32,15,la,0.512,0.352,0.6875
32,16,fɾˌuntaɾˈiɪle,0.512,0.416,0.8125
32,17,de,0.512,0.608,1.1875
32,18,sˈudˈest,0.512,0.512,1.0
32,19,ale,0.512,0.544,1.0625
32,20,ˌeuɾˈopeɪ?,0.512,0.512,1.0
33,0,vizˈirul,0.416,0.608,1.4615384615384617
33,1,armˈateɪ,0.416,0.48,1.153846153846154
33,2,pˌəɾəsˈiʲ,0.448,0.48,1.0714285714285714
33,3,ˌeufˈoɾik,0.416,0.384,0.9230769230769231
33,4,kˈortul,0.448,0.544,1.2142857142857144
33,5,ˌimpeɾjˈal.,0.416,0.64,1.5384615384615385
33,6,kalˈil,0.448,0.448,1.0
33,7,nu,0.416,0.064,0.15384615384615385
33,8,maɪ,0.448,0.48,1.0714285714285714
33,9,"ˌaskultˈa,",0.416,0.384,0.9230769230769231
33,10,ɨn,0.448,0.416,0.9285714285714285
33,11,dˈemnul,0.416,0.48,1.153846153846154
33,12,lˌeistˈeɾitʃˌe,0.448,0.448,1.0
33,13,la,0.416,0.192,0.46153846153846156
33,14,"mˌilitaɾʲˈilor,",0.448,0.48,1.0714285714285714
33,15,ˌaŋɡaʒˌamentˈele,0.416,0.352,0.8461538461538461
33,16,lor,0.448,0.448,1.0
33,17,ɡɾˌandilokvˈente,0.416,0.448,1.076923076923077
33,18,deaʃʲ,0.448,0.32,0.7142857142857143
33,19,dəɾwˈi,0.416,0.192,0.46153846153846156
33,20,vjˈatsa,0.448,0.32,0.7142857142857143
33,21,pˌentɾu,0.416,0.48,1.153846153846154
33,22,"sultˈan,",0.448,0.416,0.9285714285714285
33,23,pˌentɾu,0.416,0.448,1.076923076923077
33,24,impˈeɾiʊ.,0.448,0.352,0.7857142857142857
34,0,tˈurtʃiɪ,0.32,0.288,0.8999999999999999
34,1,kˌaɾe,0.352,0.352,1.0
34,2,reuʃˈeaw,0.352,0.384,1.090909090909091
34,3,sə,0.352,0.352,1.0
34,4,se,0.32,0.32,1.0
34,5,ˈurtʃe,0.352,0.48,1.3636363636363638
34,6,pe,0.352,0.32,0.9090909090909092
34,7,"zidˈurʲ,",0.352,0.32,0.9090909090909092
34,8,ˌaŋɡaʒˈaʊ,0.32,0.288,0.8999999999999999
34,9,ˌɨnverʃunˈate,0.352,0.352,1.0
34,10,lˈupte,0.352,0.352,1.0
34,11,kˈorp,0.352,0.384,1.090909090909091
34,12,la,0.32,0.352,1.0999999999999999
34,13,kˈorp,0.352,0.384,1.090909090909091
34,14,ku,0.352,0.384,1.090909090909091
34,15,"kɾeʃtˈiniɪ,",0.352,0.32,0.9090909090909092
34,16,ˌoɾʲʲ,0.32,0.16,0.5
34,17,urnˈeaw,0.352,0.32,0.9090909090909092
34,18,ku,0.352,0.352,1.0
34,19,nˌiʃte,0.352,0.352,1.0
34,20,kərlˈidʒe,0.32,0.256,0.8
34,21,"zdɾavˈene,",0.352,0.32,0.9090909090909092
34,22,bˌutɔajˈele,0.352,0.288,0.8181818181818181
34,23,ʃi,0.352,0.256,0.7272727272727273
34,24,ləzʲˈile,0.32,0.288,0.8999999999999999
34,25,ku,0.352,0.352,1.0
34,26,pəmˈɨnt,0.352,0.352,1.0
34,27,tʃe,0.352,0.096,0.27272727272727276
34,28,tsinˈaʊ,0.32,0.288,0.8999999999999999
34,29,lˈok,0.352,0.32,0.9090909090909092
34,30,de,0.352,0.32,0.9090909090909092
34,31,kɾənˈelə.,0.352,0.384,1.090909090909091
35,0,dˈupə,0.352,0.32,0.9090909090909092
35,1,tʃe,0.384,0.448,1.1666666666666667
35,2,se,0.352,0.32,0.9090909090909092
35,3,ˌɨnapˈoje,0.384,0.512,1.3333333333333333
35,4,akˈasə,0.352,0.448,1.272727272727273
35,5,ʃi,0.384,0.384,1.0
35,6,pˌovestʲˈi,0.352,0.384,1.090909090909091
35,7,sotsˈiʲeɪ,0.384,0.384,1.0
35,8,sale,0.384,0.288,0.7499999999999999
35,9,"ɡɾozˈevja,",0.352,0.288,0.8181818181818181
35,10,bəˈu,0.384,0.384,1.0
35,11,ʒˌumətˈate,0.352,0.32,0.9090909090909092
35,12,din,0.384,0.352,0.9166666666666666
35,13,stˈikla,0.352,0.256,0.7272727272727273
35,14,ku,0.384,0.448,1.1666666666666667
35,15,rakˈet,0.384,0.384,1.0
35,16,dəɾwˈitə,0.352,0.32,0.9090909090909092
35,17,de,0.384,0.192,0.5
35,18,kˌalinikˈos,0.352,0.352,1.0
35,19,ʃi,0.384,0.352,0.9166666666666666
35,20,se,0.352,0.672,1.9090909090909094
35,21,"kˈulkə,",0.384,0.512,1.3333333333333333
35,22,ˌɨntʃerkˈɨnd,0.384,0.416,1.0833333333333333
35,23,sˌəʃʲʲ,0.352,0.32,0.9090909090909092
35,24,ɨŋɡɾˈɔape,0.384,0.192,0.5
35,25,ɨn,0.352,0.128,0.36363636363636365
35,26,sˈomn,0.384,0.32,0.8333333333333334
35,27,sˌupəɾˈaɾea,0.352,0.192,0.5454545454545455
35,28,ʃi,0.384,0.128,0.3333333333333333
35,29,spˈaɪmə.,0.384,0.448,1.1666666666666667
36,0,asˈemenˌea,0.416,0.32,0.7692307692307693
36,1,sɔaɾˈeluɪ,0.448,0.192,0.42857142857142855
36,2,"kˌaɾe,",0.416,0.192,0.46153846153846156
36,3,ˌɨnaˈinte,0.448,0.256,0.5714285714285714
36,4,dea,0.448,0.192,0.42857142857142855
36,5,"apˈune,",0.416,1.312,3.153846153846154
36,6,ˌɨnvəpəjˈaze,0.448,0.928,2.0714285714285716
36,7,tʃˈerul,0.416,0.352,0.8461538461538461
36,8,ʃi,0.448,0.416,0.9285714285714285
36,9,pəmˈɨntul,0.448,0.192,0.42857142857142855
36,10,ku,0.416,0.192,0.46153846153846156
36,11,stɾˌəlutʃˈiɾea,0.448,0.384,0.8571428571428571
36,12,luɪ,0.448,0.384,0.8571428571428571
36,13,"sɨŋdʒˈeɾje,",0.416,0.352,0.8461538461538461
36,14,dutʃˈesa,0.448,0.448,1.0
36,15,ardˈea,0.416,0.352,0.8461538461538461
36,16,pe,0.448,0.224,0.5
36,17,rˈuɡul,0.448,0.288,0.6428571428571428
36,18,ˌuneɪ,0.416,0.352,0.8461538461538461
36,19,jubˈiɾʲʲ,0.448,0.416,0.9285714285714285
36,20,maɪ,0.416,0.32,0.7692307692307693
36,21,apɾˈinse,0.448,0.384,0.8571428571428571
36,22,dekˈɨt,0.448,0.096,0.21428571428571427
36,23,nˌiʃte,0.416,0.352,0.8461538461538461
36,24,flˈəkəɾʲˌʲ,0.448,0.32,0.7142857142857143
36,25,rˌeale.,0.448,0.416,0.9285714285714285
37,0,skˈiʒa,0.352,0.224,0.6363636363636365
37,1,ˌuneɪ,0.352,0.384,1.090909090909091
37,2,ɡjulˈele,0.352,0.416,1.1818181818181819
37,3,de,0.384,0.352,0.9166666666666666
37,4,"marmˈuɾə,",0.352,0.352,1.0
37,5,kˌaɾe,0.352,0.352,1.0
37,6,se,0.384,0.32,0.8333333333333334
37,7,sfəɾˈɨmə,0.352,0.352,1.0
37,8,ɨn,0.352,0.32,0.9090909090909092
37,9,zˈetʃʲ,0.384,0.416,1.0833333333333333
37,10,de,0.352,0.32,0.9090909090909092
37,11,"bukˈətsʲʲ,",0.352,0.288,0.8181818181818181
37,12,lovʲˈi,0.384,0.352,0.9166666666666666
37,13,ɨn,0.352,0.32,0.9090909090909092
37,14,plˈin,0.352,0.352,1.0
37,15,pe,0.352,0.384,1.090909090909091
37,16,ʒˌustinjˈaniɪ,0.384,0.352,0.9166666666666666
37,17,ɨn,0.352,0.352,1.0
37,18,redʒjˈunea,0.352,0.256,0.7272727272727273
37,19,dɾˈeapta,0.384,0.416,1.0833333333333333
37,20,a,0.352,0.384,1.090909090909091
37,21,"pjˈeptuluɪ,",0.352,0.352,1.0
37,22,spərɡˈɨnduj,0.384,0.288,0.7499999999999999
37,23,"platˈoʃa,",0.352,0.288,0.8181818181818181
37,24,fɾˌaktuɾˈɨnduj,0.352,0.32,0.9090909090909092
37,25,"kɔastˈele,",0.384,0.224,0.5833333333333334
37,26,pˌətɾunzˈɨnd,0.352,0.384,1.090909090909091
37,27,ɨn,0.352,0.288,0.8181818181818181
37,28,pləmˈɨn.,0.384,0.416,1.0833333333333333
38,0,azˈizʲʲ,0.384,0.544,1.4166666666666667
38,1,suspˈinə,0.416,0.064,0.15384615384615385
38,2,sˌufokˈat,0.416,0.416,1.0
38,3,de,0.384,0.416,1.0833333333333333
38,4,fˌeɾitʃˈiɾe,0.416,0.48,1.153846153846154
38,5,kɨnd,0.416,0.448,1.076923076923077
38,6,sˌervitˈoɾiɪ,0.384,0.384,1.0
38,7,ˌɨi,0.416,0.448,1.076923076923077
38,8,pˈuse,0.416,0.384,0.9230769230769231
38,9,rətˈur,0.384,0.416,1.0833333333333333
38,10,"bˈanul,",0.416,0.288,0.6923076923076923
38,11,pɾinzˈɨnd,0.416,0.224,0.5384615384615385
38,12,ɨn,0.416,0.352,0.8461538461538461
38,13,dɾˈeptul,0.384,0.288,0.7499999999999999
38,14,fɾˈuntsiɪ,0.416,0.32,0.7692307692307693
38,15,rozˈeta,0.416,0.416,1.0
38,16,ku,0.384,0.16,0.4166666666666667
38,17,"djamˈante,",0.416,0.032,0.07692307692307693
38,18,supˈort,0.416,0.16,0.38461538461538464
38,19,al,0.384,0.032,0.08333333333333333
38,20,penˈelor,0.416,0.032,0.07692307692307693
38,21,"ˈalbe,",0.416,0.032,0.07692307692307693
38,22,"vˌapoɾˈɔase,",0.384,0.032,0.08333333333333333
38,23,ku,0.416,0.224,0.5384615384615385
38,24,vɨrfˈurʲ,0.416,0.384,0.9230769230769231
38,25,uʃˈor,0.416,0.192,0.46153846153846156
38,26,"kurbˈate,",0.384,0.32,0.8333333333333334
38,27,ɡˈətea,0.416,0.544,1.307692307692308
38,28,la,0.416,0.288,0.6923076923076923
38,29,tʃea,0.384,0.32,0.8333333333333334
38,30,maɪ,0.416,0.224,0.5384615384615385
38,31,de,0.416,0.608,1.4615384615384617
38,32,pɾˈets,0.384,0.416,1.0833333333333333
38,33,a,0.416,0.64,1.5384615384615385
38,34,pˈəsəɾʲˌilor,0.416,0.384,0.9230769230769231
38,35,pˌaɾadˈisuluɪ.,0.416,0.416,1.0
39,0,ɨn,0.384,0.512,1.3333333333333333
39,1,mjˈez,0.384,0.512,1.3333333333333333
39,2,de,0.384,0.416,1.0833333333333333
39,3,nˈɔapte,0.384,0.448,1.1666666666666667
39,4,kˈemə,0.384,0.384,1.0
39,5,ɨn,0.384,0.288,0.7499999999999999
39,6,kˈortul,0.384,0.256,0.6666666666666666
39,7,səʊ,0.384,0.128,0.3333333333333333
39,8,pe,0.384,0.288,0.7499999999999999
39,9,tˈɨnərul,0.384,0.192,0.5
39,10,ismˈaɪl,0.384,0.16,0.4166666666666667
39,11,hˈamza,0.384,0.384,1.0
39,12,"ˌiskandeɾˈoɡlu,",0.416,0.576,1.3846153846153846
39,13,emˈir,0.384,0.416,1.0833333333333333
39,14,de,0.384,0.384,1.0
39,15,sinˈope,0.384,0.224,0.5833333333333334
39,16,ʃi,0.384,0.288,0.7499999999999999
39,17,de,0.384,0.352,0.9166666666666666
39,18,"kˌostambˈolʲʲ,",0.384,0.32,0.8333333333333334
39,19,kˌəsətoɾˈit,0.384,0.352,0.9166666666666666
39,20,ku,0.384,0.512,1.3333333333333333
39,21,ˌuna,0.384,0.448,1.1666666666666667
39,22,din,0.384,0.384,1.0
39,23,fiɪtʃˈele,0.384,0.416,1.0833333333333333
39,24,sultˈanuluɪ,0.384,0.448,1.1666666666666667
39,25,muɾˈad.,0.416,0.448,1.076923076923077
40,0,"mˈɔartea,",0.32,0.32,1.0
40,1,karˌelˌaʃteptˈa,0.352,0.32,0.9090909090909092
40,2,la,0.352,0.224,0.6363636363636365
40,3,kˈapətul,0.352,0.576,1.6363636363636362
40,4,ˌunuɪ,0.32,0.352,1.0999999999999999
40,5,drˈum,0.352,0.384,1.090909090909091
40,6,plˈin,0.352,0.224,0.6363636363636365
40,7,de,0.352,0.352,1.0
40,8,"sˌufeɾˈintse,",0.32,0.32,1.0
40,9,ɨl,0.352,0.064,0.18181818181818182
40,10,fəkˈu,0.352,0.256,0.7272727272727273
40,11,sə,0.352,0.416,1.1818181818181819
40,12,se,0.32,0.288,0.8999999999999999
40,13,ɡɨndˈeaskə,0.352,0.352,1.0
40,14,ʃi,0.352,0.384,1.090909090909091
40,15,la,0.352,0.352,1.0
40,16,ˈaltsʲʲ,0.32,0.288,0.8999999999999999
40,17,semˈeneɪ,0.352,0.256,0.7272727272727273
40,18,"lˈuɪ,",0.352,0.256,0.7272727272727273
40,19,kˌunoskˈutsʲʲ,0.352,0.288,0.8181818181818181
40,20,saʊ,0.352,0.288,0.8181818181818181
40,21,"nˌekunoskˈutsʲʲ,",0.32,0.192,0.6
40,22,kˌaɾe,0.352,0.064,0.18181818181818182
40,23,fˈərə,0.352,0.32,0.9090909090909092
40,24,sə,0.352,0.384,1.090909090909091
40,25,vˈi,0.32,0.256,0.8
40,26,fost,0.352,0.384,1.090909090909091
40,27,kˌondamnˈatsʲʲ,0.352,0.416,1.1818181818181819
40,28,la,0.352,0.352,1.0
40,29,"mˈɔarte,",0.32,0.352,1.0999999999999999
40,30,tɾebwjˈaʊ,0.352,0.16,0.4545454545454546
40,31,sə,0.352,0.064,0.18181818181818182
40,32,"mˈɔaɾə,",0.352,0.032,0.09090909090909091
40,33,fˈiɪndkə,0.32,0.288,0.8999999999999999
40,34,aʃˈa,0.352,0.256,0.7272727272727273
40,35,tʃeɾˈeaw,0.352,0.256,0.7272727272727273
40,36,ledʒˈile,0.352,0.352,1.0
40,37,rˌəzboˈiʊluɪ.,0.352,0.448,1.272727272727273
41,0,"ofˈitseɾˌiɪ,",0.352,0.384,1.090909090909091
41,1,"mˌaɾinˈaɾiɪ,",0.384,0.416,1.0833333333333333
41,2,ˌɨnkɾemenˈiɾə,0.384,0.352,0.9166666666666666
41,3,ɨn,0.384,0.32,0.8333333333333334
41,4,pozˈitsje,0.384,0.256,0.6666666666666666
41,5,de,0.384,0.384,1.0
41,6,"tɾˈeptsʲʲ,",0.384,0.448,1.1666666666666667
41,7,ɨn,0.384,0.416,1.0833333333333333
41,8,vɾˈeme,0.384,0.32,0.8333333333333334
41,9,tʃe,0.352,0.352,1.0
41,10,"mehmˈed,",0.384,0.384,1.0
41,11,urmˈat,0.384,0.32,0.8333333333333334
41,12,de,0.384,0.384,1.0
41,13,dʒˌeneɾˈalʲʲ,0.384,0.448,1.1666666666666667
41,14,ʃi,0.384,0.416,1.0833333333333333
41,15,de,0.384,0.32,0.8333333333333334
41,16,un,0.384,0.416,1.0833333333333333
41,17,ˌeskadɾˈon,0.384,0.384,1.0
41,18,de,0.352,0.352,1.0
41,19,"ɡˈardə,",0.384,0.512,1.3333333333333333
41,20,ˈɨʃʲʲ,0.384,0.32,0.8333333333333334
41,21,fəkˈu,0.384,0.352,0.9166666666666666
41,22,o,0.384,0.384,1.0
41,23,spˌektakulˈɔasə,0.384,0.288,0.7499999999999999
41,24,intɾˈaɾe,0.384,0.16,0.4166666666666667
41,25,ɨn,0.384,0.192,0.5
41,26,ɡalˈopul,0.384,0.352,0.9166666666666666
41,27,kˈaɪlor.,0.384,0.32,0.8333333333333334
42,0,dˌela,0.352,0.512,1.4545454545454546
42,1,o,0.352,0.288,0.8181818181818181
42,2,"vɾˈeme,",0.352,0.224,0.6363636363636365
42,3,ˌakatʃˈos,0.352,0.32,0.9090909090909092
42,4,ˌɨntʃepˈuse,0.352,0.384,1.090909090909091
42,5,sə,0.384,0.448,1.1666666666666667
42,6,se,0.352,0.416,1.1818181818181819
42,7,"ɨŋɡɾˈaʃe,",0.352,0.352,1.0
42,8,mˌinunˈɨnduʃʲ,0.352,0.352,1.0
42,9,fɾˈatsiɪ,0.352,0.352,1.0
42,10,ˈɨntrun,0.352,0.384,1.090909090909091
42,11,dˈomnul,0.384,0.48,1.25
42,12,kˌaɾe,0.352,0.352,1.0
42,13,nu,0.352,0.128,0.36363636363636365
42,14,se,0.352,0.192,0.5454545454545455
42,15,putˈeaw,0.352,0.416,1.1818181818181819
42,16,domˈinʲʲ,0.352,0.256,0.7272727272727273
42,17,kˈum,0.384,0.224,0.5833333333333334
42,18,rˌeuʃˈea,0.352,0.256,0.7272727272727273
42,19,jel,0.352,0.256,0.7272727272727273
42,20,sə,0.352,0.416,1.1818181818181819
42,21,se,0.352,0.32,0.9090909090909092
42,22,rˌotunʒˈeaskə,0.352,0.32,0.9090909090909092
42,23,de,0.384,0.128,0.3333333333333333
42,24,pe,0.352,0.224,0.6363636363636365
42,25,ˈurma,0.352,0.384,1.090909090909091
42,26,nˈemikuluɪ,0.352,0.352,1.0
42,27,redʒˈim,0.352,0.352,1.0
42,28,ˌalimentˈar.,0.384,0.48,1.25
43,0,"ɨndˈatə,",0.576,0.896,1.5555555555555558
43,1,dˈupə,0.576,0.64,1.1111111111111112
43,2,"tɾˌansfeɾˈaɾe,",0.576,0.768,1.3333333333333335
43,3,mustˈafa,0.576,0.416,0.7222222222222222
43,4,"bˈakr,",0.576,0.48,0.8333333333333334
43,5,ˈaɡa,0.608,0.608,1.0
43,6,"palˈatuluɪ,",0.576,0.544,0.9444444444444445
43,7,"saɾˈaɪ,",0.576,0.288,0.5
43,8,"aɡˈasʲ,",0.576,0.32,0.5555555555555556
43,9,ˌɨi,0.576,0.32,0.5555555555555556
43,10,dedˈuse,0.576,0.48,0.8333333333333334
43,11,ˌinstɾuktsjˈunea,0.608,0.768,1.2631578947368423
43,12,mˌɨnuntsˈitə,0.576,0.704,1.2222222222222223
43,13,asˈupɾa,0.576,0.384,0.6666666666666667
43,14,"vˌiɪtɔaɾˈelor,",0.576,0.352,0.6111111111111112
43,15,sale,0.576,0.96,1.6666666666666667
43,16,ˌatɾibutsjˈunʲʲ.,0.608,0.512,0.8421052631578948
44,0,a,0.288,0.288,1.0
44,1,dˈoʊa,0.32,0.416,1.2999999999999998
44,2,zˈi,0.288,0.32,1.1111111111111112
44,3,de,0.32,0.288,0.8999999999999999
44,4,dˌiminˈeatsə,0.32,0.32,1.0
44,5,slˌuʒitˈoɾiɪ,0.288,0.384,1.3333333333333335
44,6,venʲˈi,0.32,0.416,1.2999999999999998
44,7,səɪ,0.32,0.32,1.0
44,8,adˈukə,0.288,0.224,0.7777777777777779
44,9,mˈikul,0.32,0.416,1.2999999999999998
44,10,deʒˈun,0.288,0.32,1.1111111111111112
44,11,ʃi,0.32,0.352,1.0999999999999999
44,12,vˌeʃmintˈele,0.32,0.384,1.2
44,13,de,0.288,0.416,1.4444444444444444
44,14,"ɡˈalə,",0.32,0.448,1.4
44,15,ɨl,0.32,0.32,1.0
44,16,ɡəsˈiɾə,0.288,0.192,0.6666666666666667
44,17,"ˌɨmbɾəkˈat,",0.32,0.352,1.0999999999999999
44,18,ɨntˈins,0.288,0.288,1.0
44,19,pe,0.32,0.192,0.6
44,20,"pˈat,",0.32,0.32,1.0
44,21,ku,0.288,0.256,0.888888888888889
44,22,fˈatsa,0.32,0.224,0.7
44,23,ɨn,0.32,0.288,0.8999999999999999
44,24,"sˈus,",0.288,0.224,0.7777777777777779
44,25,ku,0.32,0.32,1.0
44,26,ˈokiɪ,0.288,0.224,0.7777777777777779
44,27,deskˈiʃʲʲ,0.32,0.064,0.2
44,28,fiksˈatsʲʲ,0.32,0.256,0.8
44,29,ɨn,0.288,0.32,1.1111111111111112
44,30,ɡˈol,0.32,0.224,0.7
44,31,ʃi,0.32,0.288,0.8999999999999999
44,32,rostˈind,0.288,0.064,0.22222222222222224
44,33,vˈorbe,0.32,0.32,1.0
44,34,nˌeɨntselˈese.,0.32,0.192,0.6
45,0,spɾˈe,0.32,0.32,1.0
45,1,bukˈuɾja,0.352,0.384,1.090909090909091
45,2,romˈeɪlor,0.352,0.384,1.090909090909091
45,3,de,0.32,0.352,1.0999999999999999
45,4,pe,0.352,0.16,0.4545454545454546
45,5,zidˈurʲ,0.352,0.352,1.0
45,6,ʃi,0.32,0.288,0.8999999999999999
45,7,spɾˈe,0.352,0.288,0.8181818181818181
45,8,mɨnˈiʲa,0.352,0.32,0.9090909090909092
45,9,"turtʃˈilor,",0.32,0.224,0.7
45,10,kˌapitˈanul,0.352,0.896,2.545454545454546
45,11,kɾˌistafˈis,0.352,0.352,1.0
45,12,ˌizbutʲˈi,0.32,0.256,0.8
45,13,sə,0.352,0.256,0.7272727272727273
45,14,se,0.352,0.352,1.0
45,15,fˌuɾitʃˈeze,0.352,0.096,0.27272727272727276
45,16,pˈɨnə,0.32,0.384,1.2
45,17,ɨn,0.352,0.352,1.0
45,18,dɾˈeptul,0.352,0.288,0.8181818181818181
45,19,pˈortuluɪ,0.32,0.288,0.8999999999999999
45,20,de,0.352,0.352,1.0
45,21,pe,0.352,0.256,0.7272727272727273
45,22,mˈalul,0.32,0.416,1.2999999999999998
45,23,stˈɨŋɡ,0.352,0.416,1.1818181818181819
45,24,al,0.352,0.384,1.090909090909091
45,25,kˈornuluɪ,0.32,0.384,1.2
45,26,de,0.352,0.32,0.9090909090909092
45,27,ˈaur,0.352,0.128,0.36363636363636365
45,28,rəmˈas,0.32,0.32,1.0
45,29,ɨn,0.352,0.48,1.3636363636363638
45,30,myɪnʲˈile,0.352,0.352,1.0
45,31,bˌizantinʲˈilor.,0.352,0.384,1.090909090909091
46,0,skˌɨntejeɾʲˈile,0.448,0.48,1.0714285714285714
46,1,səbʲˈilor,0.448,0.352,0.7857142857142857
46,2,mɨnwˈite,0.448,0.448,1.0
46,3,ku,0.448,0.64,1.4285714285714286
46,4,"fˈuɾje,",0.48,0.512,1.0666666666666667
46,5,ˈurletˌele,0.448,0.416,0.9285714285714285
46,6,ˌɨnkɾɨntʃenˈate,0.448,0.384,0.8571428571428571
46,7,ale,0.448,0.128,0.2857142857142857
46,8,"lˌuptətoɾʲˈilor,",0.448,0.352,0.7857142857142857
46,9,zɡˈomotul,0.48,0.192,0.4
46,10,"jˌataɡanˈelor,",0.448,0.288,0.6428571428571428
46,11,al,0.448,0.256,0.5714285714285714
46,12,"bˌuzduɡanˈelor,",0.448,0.192,0.42857142857142855
46,13,al,0.48,0.448,0.9333333333333333
46,14,lɨŋdʒˈilor,0.448,0.32,0.7142857142857143
46,15,lovˈitə,0.448,0.544,1.2142857142857144
46,16,de,0.448,0.48,1.0714285714285714
46,17,platˈoʃe,0.448,0.384,0.8571428571428571
46,18,ʃi,0.48,0.288,0.6
46,19,de,0.448,0.48,1.0714285714285714
46,20,skutˈurʲ,0.448,0.224,0.5
46,21,se,0.448,0.064,0.14285714285714285
46,22,ˌɨmpletˈeaw,0.448,0.064,0.14285714285714285
46,23,ˈɨntɾo,0.48,0.032,0.06666666666666667
46,24,məɾˈeatsə,0.448,0.032,0.07142857142857142
46,25,sˌinfonˈiʲe,0.448,0.192,0.42857142857142855
46,26,a,0.448,0.128,0.2857142857142857
46,27,mˈortsiɪ.,0.48,0.288,0.6
47,0,kˌɨtevˈa,0.448,0.512,1.1428571428571428
47,1,zˈile,0.448,0.416,0.9285714285714285
47,2,maɪ,0.48,0.256,0.5333333333333333
47,3,"tɨrzˈiʲu,",0.448,0.192,0.42857142857142855
47,4,tʃˈintʃʲsˈute,0.448,0.256,0.5714285714285714
47,5,de,0.48,0.192,0.4
47,6,kˌələɾˈetsʲʲ,0.448,0.256,0.5714285714285714
47,7,"fɾantʃˈezʲʲ,",0.448,0.448,1.0
47,8,ˌavantɡˈarda,0.48,0.352,0.7333333333333333
47,9,kˈorpuluɪ,0.448,0.384,0.8571428571428571
47,10,ˌekspedˌitsjonˈar,0.448,0.512,1.1428571428571428
47,11,"aljˈat,",0.48,0.352,0.7333333333333333
47,12,lwasˈeɾə,0.448,0.128,0.2857142857142857
47,13,ku,0.448,0.416,0.9285714285714285
47,14,asˈalt,0.48,0.352,0.7333333333333333
47,15,"rˈahovˌa,",0.448,0.384,0.8571428571428571
47,16,lˌokalitˈate,0.448,0.288,0.6428571428571428
47,17,"fˌortifikˈatə,",0.48,0.32,0.6666666666666667
47,18,ˌapəɾˈatə,0.448,0.48,1.0714285714285714
47,19,de,0.448,0.416,0.9285714285714285
47,20,o,0.48,0.32,0.6666666666666667
47,21,ɡˌarnizˈɔanə,0.448,0.416,0.9285714285714285
47,22,tˈurkə,0.448,0.384,0.8571428571428571
47,23,tʃevˈa,0.48,0.32,0.6666666666666667
47,24,maɪ,0.448,0.384,0.8571428571428571
47,25,pˌuternˈikə.,0.48,0.448,0.9333333333333333
